;;;;;;;;;;;;;;;;;;;;;;;;;;;;;;;;;;;;;;;;;;;;;;;;;;;;;;;;;;;;;;;;;;;;;;;;;;;;
;;;;World Population Policies 2021: Reproductive Health Policies;;;;;;;;;;;;;;;;;;;;;;;;;;;;;;;;;;;;;;;;;;;;;;;;;;;;;;;;;;;;;;;;;;;;;;;;
;;;;Table 1: Reproductive health policies, country data;;;;;;;;;;;;;;;;;;;;;;;;;;;;;;;;;;;;;;;;;;;;;;;;;;;;;;;;;;;;;;;;;;;;;;;;
;;;;"Suggested citation: United Nations, Department of Economic and Social Affairs, Population Division (2021). 
World Population Policies 2021: Reproductive Health Policies.";;;;;;;;;;;;;;;;;;;;;;;;;;;;;;;;;;;;;;;;;;;;;;;;;;;;;;;;;;;;;;;;;;;;;;;;
;;;;Copyright © 2021 by United Nations, made available under a Creative Commons license CC BY 3.0 IGO: http://creativecommons.org/licenses/by/3.0/igo/;;;;;;;;;;;;;;;;;;;;;;;;;;;;;;;;;;;;;;;;;;;;;;;;;;;;;;;;;;;;;;;;;;;;;;;;
;;;;;;;;;;;;;;;;;;;;;;;;;;;;;;;;;;;;;;;;;;;;;;;;;;;;;;;;;;;;;;;;;;;;;;;;;;;;
;;;SEXUAL AND REPRODUCTIVE HEALTH;;;;;;;;;;;;;;;;;;;;;;;;;;;;;;FAMILY PLANNING;;;;;;;;;;;;;HIV/AIDS;;;;;;;;;;;;;;;;;;ABORTION;;;;;;;;;;;;
;;;Does the Government have any law(s) or regulation(s) that guarantee HPV (Human Papillomavirus) vaccine to adolescent girls?;If the Government has any law(s) or regulation(s) that guarantee HPV (Human Papillomavirus) vaccine to adolescent girls, are there any contradicting plural legal systems?;Does the Government have any law(s), regulation(s) or national policies that make sexuality education a mandatory component of the national school curriculum?;If the Government has any law(s), regulation(s) or national policies that make sexuality education a mandatory component of the national school curriculum, are there any contradicting plural legal systems?;If the Government has any law(s), regulation(s) or national policies that make sexuality education a mandatory component of the national school curriculum, is the following topic included?;;;;;;;;Does the Government have any law(s) or regulation(s) that guarantee access to maternity care?;If the Government has any law(s) or regulation(s) that guarantee have any law(s) or regulation(s) that guarantee access to maternity care, are there any contradicting plural legal systems?;Does the law(s) or regulation(s) that guarantee access to maternity care include any restrictions based on any of the following characteristics?;;;Does the national list of essential medicines or the authorized list of recommended drugs include the following commodities?;;;;;;;;;;;;;Does the Government have any law(s) or regulation(s) that guarantee the following services/rights?;;;If the Government has any law(s) or regulation(s) that guarantee the following services/rights, are there any contradicting plural legal systems?;;;Does the Government have any law(s) or regulation(s) restricting access to contraceptive services based on any of the following criteria?;;;;;;;Does the Government have any law(s) or regulation(s) that guarantee the following services/rights?;;;If the Government has any law(s) or regulation(s) that guarantee the following services/rights, are there any contradicting plural legal systems?;;;Does the Government have any law(s) or regulation(s) that restrict access to the following HIV services/rights based on any of the following characteristics?;;;;;;;;;;;;Please indicate the legal grounds on which abortion in currently permitted in the country;;;;If induced abortion is legal on some or all grounds but additional restrictions apply, please indicate the restrictions;;;Can a woman be criminally charged for an illegal abortion?;Does the Government have any law(s) or regulation(s) that ensure access to post-abortion care, irrespective of the legal status of abortion?;If the Government has any law(s) or regulation(s) that ensure access to post-abortion care, irrespective of the legal status of abortion, are there any contradicting plural legal systems?;Does the Government have any law(s) or regulation(s) that restrict access to post-abortion care services based on any of the following characteristics?;;
;;;;;;;Relationships;Values, rights, culture and sexuality;Understanding gender;Violence and staying safe;Skills for health and well-being;The human body and development;Sexuality and sexual behaviour;Sexual and reproductive health;;;Age;Marital status;3rd party authorization (e.g. spousal, parental/guardian, medical);Oxytocin;Misoprostol;Magnesium sulfate;Injectable antibiotics;Antenatal corticosteroids;Chlorhexidine;Resuscitation devices for newborns;Amoxicillin;Oral rehydration salts;Zinc;Female condoms;Contraceptive implants;Emergency contraception (levonorgestrel);Access to regular contraceptive services;Access to emergency contraception;Provision of full, free and informed consent of all individuals before receiving contraceptive services (includes sterilization);Access to regular contraceptive services;Access to emergency contraception;Provision of full, free and informed consent of all individuals before receiving contraceptive services (includes sterilization);Access to regular contraceptive services;;;;Access to emergency contraception;;;Voluntary HIV counselling and testing services;HIV treatment and care services;Protection of the confidentiality of all people living with HIV;Voluntary HIV counselling and testing services;HIV treatment and care services;Protection of the confidentiality of all people living with HIV;Voluntary HIV counselling and testing services;;;;HIV treatment and care services;;;;Protection of the confidentiality of all people living with HIV;;;;To save a woman's life;To preserve a woman's health;In cases of rape;In cases of fetal impairment;Authorization of medical professional(s) required;Judicial consent required for minors;Husband's consent required for married women;;;;Age;Marital Status;3rd party authorization (e.g. spousal, parental/guardian, medical)
;Region, subregion or country* ;Country code;;;;;;;;;;;;;;;;;;;;;;;;;;;;;;;;;;;;;Minimum age;Sex;Marital status;3rd party authorization (e.g. spousal, parental/guardian, medical);Minimum Age;Marital Status;3rd party authorization (e.g. spousal, parental/guardian, medical);;;;;;;Minimum age;Sex;Marital status;3rd party authorization (e.g. spousal, parental/guardian, medical);Minimum age;Sex;Marital status;3rd party authorization (e.g. spousal, parental/guardian, medical);Minimum Age;Sex;Marital Status;3rd party authorization (e.g. spousal, parental/guardian, medical);;;;;;;;;;;;;
;AFRICA;903;;;;;;;;;;;;;;;;;;;;;;;;;;;;;;;;;;;;;;;;;;;;;;;;;;;;;;;;;;;;;;;;;;;;;;;;;;
;Eastern Africa;910;;;;;;;;;;;;;;;;;;;;;;;;;;;;;;;;;;;;;;;;;;;;;;;;;;;;;;;;;;;;;;;;;;;;;;;;;;
;Burundi;108;—;—;—;—;—;—;—;—;—;—;—;—;—;—;—;—;—;—;—;—;—;—;—;—;—;—;—;—;—;—;—;—;—;—;—;—;—;—;—;—;—;—;—;—;—;—;—;—;—;—;—;—;—;—;—;—;—;—;—;—;—;—;—;—;—;—;—;—;—;—;—;—;—;—
;Comoros;174;No;Not Applicable;No;Not Applicable;Not Applicable;Not Applicable;Not Applicable;Not Applicable;Not Applicable;Not Applicable;Not Applicable;Not Applicable;Yes;No;No;No;No;Yes;Yes;Yes;Yes;Yes;Yes;Yes;Yes;Yes;Yes;Yes;Yes;Yes;Yes;Yes;Yes;No;Yes;No;Yes;No;No;No;Yes;No;No;Yes;Yes;Yes;No;No;No;Yes;No;No;No;No;No;No;No;No;No;No;No;Yes;Yes;No;Yes;Yes;No;Yes;Yes;Yes;No;..;..;..
;Djibouti;262;—;—;—;—;—;—;—;—;—;—;—;—;—;—;—;—;—;—;—;—;—;—;—;—;—;—;—;—;—;—;—;—;—;—;—;—;—;—;—;—;—;—;—;—;—;—;—;—;—;—;—;—;—;—;—;—;—;—;—;—;—;—;—;—;—;—;—;—;—;—;—;—;—;—
;Eritrea;232;—;—;—;—;—;—;—;—;—;—;—;—;—;—;—;—;—;—;—;—;—;—;—;—;—;—;—;—;—;—;—;—;—;—;—;—;—;—;—;—;—;—;—;—;—;—;—;—;—;—;—;—;—;—;—;—;—;—;—;—;—;—;—;—;—;—;—;—;—;—;—;—;—;—
;Ethiopia;231;No;Not Applicable;No;Not Applicable;Not Applicable;Not Applicable;Not Applicable;Not Applicable;Not Applicable;Not Applicable;Not Applicable;Not Applicable;Yes;No;No;No;No;Yes;Yes;Yes;Yes;Yes;Yes;Yes;Yes;Yes;Yes;Yes;Yes;Yes;Yes;Yes;Yes;No;No;No;No;No;No;No;No;No;No;Yes;Yes;Yes;No;No;No;No;No;No;No;No;No;No;No;No;No;No;No;Yes;Yes;Yes;Yes;Yes;Yes;No;No;Yes;No;No;No;No
;Kenya;404;Yes;No;No;Not Applicable;Not Applicable;Not Applicable;Not Applicable;Not Applicable;Not Applicable;Not Applicable;Not Applicable;Not Applicable;Yes;No;No;No;No;Yes;Yes;Yes;Yes;Yes;Yes;Yes;Yes;Yes;Yes;Yes;Yes;Yes;Yes;Yes;Yes;Yes;Yes;Yes;Yes;No;Yes;Yes;Yes;Yes;Yes;Yes;Yes;Yes;No;No;No;Yes;No;No;Yes;Yes;No;No;Yes;Yes;No;No;Yes;Yes;Yes;No;No;Yes;No;No;Yes;Yes;No;No;No;No
;Madagascar;450;—;—;—;—;—;—;—;—;—;—;—;—;—;—;—;—;—;—;—;—;—;—;—;—;—;—;—;—;—;—;—;—;—;—;—;—;—;—;—;—;—;—;—;—;—;—;—;—;—;—;—;—;—;—;—;—;—;—;—;—;—;—;—;—;—;—;—;—;—;—;—;—;—;—
;Malawi;454;Yes;No;Yes;No;Yes;Yes;Yes;Yes;Yes;Yes;Yes;Yes;Yes;No;Yes;No;Yes;Yes;Yes;Yes;Yes;Yes;Yes;Yes;Yes;Yes;Yes;Yes;Yes;Yes;Yes;Yes;Yes;Yes;Yes;No;Yes;No;No;Yes;Yes;No;No;Yes;Yes;Yes;No;No;No;No;No;No;Yes;No;No;No;No;No;No;No;Yes;Yes;Yes;No;No;Yes;No;No;Yes;Yes;No;No;No;No
;Mauritius;480;Yes;No;Yes;No;Yes;Yes;Yes;Yes;Yes;Yes;Yes;Yes;Yes;No;Yes;No;Yes;Yes;Yes;Yes;Yes;Yes;No;Yes;Yes;No;No;No;No;No;Yes;Yes;Yes;Yes;Yes;No;Yes;No;No;No;Yes;No;No;Yes;Yes;Yes;No;Yes;No;No;No;No;No;Yes;No;No;Yes;No;No;No;No;Yes;Yes;Yes;Yes;Yes;Yes;No;Yes;Yes;No;No;No;No
;Mozambique;508;No;Not Applicable;Yes;No;No;Yes;Yes;Yes;Yes;Yes;Yes;Yes;Yes;No;No;..;..;Yes;Yes;Yes;Yes;Yes;Yes;Yes;Yes;Yes;Yes;Yes;Yes;Yes;Yes;Yes;No;No;No;Not Applicable;No;No;No;No;No;No;No;Yes;Yes;Yes;No;No;No;No;No;No;No;No;No;No;No;No;No;No;No;Yes;Yes;..;Yes;Yes;Yes;No;No;Yes;No;Yes;No;No
;Rwanda;646;Yes;No;Yes;No;Yes;Yes;Yes;Yes;Yes;Yes;Yes;Yes;Yes;No;No;No;No;Yes;Yes;Yes;Yes;Yes;Yes;Yes;Yes;Yes;Yes;Yes;Yes;Yes;Yes;Yes;Yes;No;No;No;Yes;No;No;Yes;Yes;No;Yes;Yes;Yes;Yes;No;No;No;Yes;No;No;Yes;No;No;No;No;No;No;No;No;Yes;Yes;Yes;Yes;Yes;Yes;Yes;Yes;Yes;No;No;No;No
;Seychelles;690;—;—;—;—;—;—;—;—;—;—;—;—;—;—;—;—;—;—;—;—;—;—;—;—;—;—;—;—;—;—;—;—;—;—;—;—;—;—;—;—;—;—;—;—;—;—;—;—;—;—;—;—;—;—;—;—;—;—;—;—;—;—;—;—;—;—;—;—;—;—;—;—;—;—
;Somalia;706;—;—;—;—;—;—;—;—;—;—;—;—;—;—;—;—;—;—;—;—;—;—;—;—;—;—;—;—;—;—;—;—;—;—;—;—;—;—;—;—;—;—;—;—;—;—;—;—;—;—;—;—;—;—;—;—;—;—;—;—;—;—;—;—;—;—;—;—;—;—;—;—;—;—
;South Sudan;728;—;—;—;—;—;—;—;—;—;—;—;—;—;—;—;—;—;—;—;—;—;—;—;—;—;—;—;—;—;—;—;—;—;—;—;—;—;—;—;—;—;—;—;—;—;—;—;—;—;—;—;—;—;—;—;—;—;—;—;—;—;—;—;—;—;—;—;—;—;—;—;—;—;—
;Uganda;800;—;—;—;—;—;—;—;—;—;—;—;—;—;—;—;—;—;—;—;—;—;—;—;—;—;—;—;—;—;—;—;—;—;—;—;—;—;—;—;—;—;—;—;—;—;—;—;—;—;—;—;—;—;—;—;—;—;—;—;—;—;—;—;—;—;—;—;—;—;—;—;—;—;—
;United Republic of Tanzania;834;—;—;—;—;—;—;—;—;—;—;—;—;—;—;—;—;—;—;—;—;—;—;—;—;—;—;—;—;—;—;—;—;—;—;—;—;—;—;—;—;—;—;—;—;—;—;—;—;—;—;—;—;—;—;—;—;—;—;—;—;—;—;—;—;—;—;—;—;—;—;—;—;—;—
;Zambia;894;Yes;No;Yes;Yes;Yes;No;Yes;Yes;Yes;Yes;No;Yes;Yes;No;Yes;No;Yes;Yes;Yes;Yes;Yes;Yes;Yes;No;Yes;Yes;Yes;Yes;Yes;Yes;Yes;Yes;Yes;No;No;No;Yes;No;No;No;Yes;No;No;Yes;Yes;Yes;No;No;No;Yes;No;No;No;Yes;No;No;No;No;No;No;No;Yes;Yes;Yes;Yes;Yes;No;No;Yes;Yes;No;Yes;No;Yes
;Zimbabwe;716;Yes;No;No;Not Applicable;Not Applicable;Not Applicable;Not Applicable;Not Applicable;Not Applicable;Not Applicable;Not Applicable;Not Applicable;Yes;No;Yes;No;No;Yes;Yes;Yes;Yes;Yes;Yes;Yes;Yes;Yes;Yes;Yes;Yes;Yes;Yes;Yes;Yes;No;No;No;Yes;No;No;No;Yes;No;No;Yes;Yes;Yes;No;No;No;No;No;No;No;No;No;No;No;No;No;No;No;Yes;Yes;Yes;Yes;Yes;Yes;No;Yes;Yes;No;No;No;No
;Middle Africa;911;;;;;;;;;;;;;;;;;;;;;;;;;;;;;;;;;;;;;;;;;;;;;;;;;;;;;;;;;;;;;;;;;;;;;;;;;;
;Angola;24;No;Not Applicable;No;Not Applicable;Not Applicable;Not Applicable;Not Applicable;Not Applicable;Not Applicable;Not Applicable;Not Applicable;Not Applicable;Yes;No;No;No;No;Yes;Yes;Yes;Yes;Yes;Yes;Yes;Yes;Yes;Yes;Yes;Yes;Yes;Yes;Yes;Yes;No;No;No;No;No;No;No;No;No;No;Yes;Yes;Yes;No;No;No;No;No;No;No;No;No;No;No;No;No;No;No;Yes;Yes;Yes;Yes;Yes;Yes;Yes;Yes;No;Not Applicable;Not Applicable;Not Applicable;Not Applicable
;Cameroon;120;—;—;—;—;—;—;—;—;—;—;—;—;—;—;—;—;—;—;—;—;—;—;—;—;—;—;—;—;—;—;—;—;—;—;—;—;—;—;—;—;—;—;—;—;—;—;—;—;—;—;—;—;—;—;—;—;—;—;—;—;—;—;—;—;—;—;—;—;—;—;—;—;—;—
;Central African Republic;140;—;—;—;—;—;—;—;—;—;—;—;—;—;—;—;—;—;—;—;—;—;—;—;—;—;—;—;—;—;—;—;—;—;—;—;—;—;—;—;—;—;—;—;—;—;—;—;—;—;—;—;—;—;—;—;—;—;—;—;—;—;—;—;—;—;—;—;—;—;—;—;—;—;—
;Chad;148;No;Not Applicable;Yes;Yes;Yes;Yes;Yes;Yes;Yes;Yes;Yes;Yes;Yes;Yes;No;No;No;Yes;Yes;Yes;Yes;Yes;Yes;Yes;Yes;Yes;Yes;Yes;Yes;Yes;Yes;Yes;Yes;Yes;Yes;Yes;No;No;No;No;No;No;No;Yes;Yes;Yes;Yes;Yes;Yes;No;No;No;No;No;No;No;No;No;No;No;No;No;No;No;Yes;No;No;No;Yes;Yes;Yes;No;No;No
;Congo;178;—;—;—;—;—;—;—;—;—;—;—;—;—;—;—;—;—;—;—;—;—;—;—;—;—;—;—;—;—;—;—;—;—;—;—;—;—;—;—;—;—;—;—;—;—;—;—;—;—;—;—;—;—;—;—;—;—;—;—;—;—;—;—;—;—;—;—;—;—;—;—;—;—;—
;Democratic Republic of the Congo;180;—;—;—;—;—;—;—;—;—;—;—;—;—;—;—;—;—;—;—;—;—;—;—;—;—;—;—;—;—;—;—;—;—;—;—;—;—;—;—;—;—;—;—;—;—;—;—;—;—;—;—;—;—;—;—;—;—;—;—;—;—;—;—;—;—;—;—;—;—;—;—;—;—;—
;Equatorial Guinea;226;—;—;—;—;—;—;—;—;—;—;—;—;—;—;—;—;—;—;—;—;—;—;—;—;—;—;—;—;—;—;—;—;—;—;—;—;—;—;—;—;—;—;—;—;—;—;—;—;—;—;—;—;—;—;—;—;—;—;—;—;—;—;—;—;—;—;—;—;—;—;—;—;—;—
;Gabon;266;—;—;—;—;—;—;—;—;—;—;—;—;—;—;—;—;—;—;—;—;—;—;—;—;—;—;—;—;—;—;—;—;—;—;—;—;—;—;—;—;—;—;—;—;—;—;—;—;—;—;—;—;—;—;—;—;—;—;—;—;—;—;—;—;—;—;—;—;—;—;—;—;—;—
;Sao Tome and Principe;678;No;Not Applicable;Yes;No;Yes;Yes;Yes;Yes;Yes;Yes;Yes;Yes;No;Not Applicable;Not Applicable;Not Applicable;Not Applicable;Yes;Yes;Yes;Yes;Yes;Yes;Yes;Yes;Yes;Yes;Yes;Yes;Yes;No;No;No;Not Applicable;Not Applicable;Not Applicable;Not Applicable;Not Applicable;Not Applicable;Not Applicable;Not Applicable;Not Applicable;Not Applicable;Yes;Yes;Yes;No;No;No;No;No;No;No;No;No;No;No;No;No;No;No;Yes;Yes;Yes;Yes;Yes;Yes;Yes;Yes;No;Not Applicable;Not Applicable;Not Applicable;Not Applicable
;Northern Africa;912;;;;;;;;;;;;;;;;;;;;;;;;;;;;;;;;;;;;;;;;;;;;;;;;;;;;;;;;;;;;;;;;;;;;;;;;;;
;Algeria;12;—;—;—;—;—;—;—;—;—;—;—;—;—;—;—;—;—;—;—;—;—;—;—;—;—;—;—;—;—;—;—;—;—;—;—;—;—;—;—;—;—;—;—;—;—;—;—;—;—;—;—;—;—;—;—;—;—;—;—;—;—;—;—;—;—;—;—;—;—;—;—;—;—;—
;Egypt;818;..;..;Yes;No;No;No;Yes;No;No;Yes;No;..;Yes;No;No;No;No;Yes;No;Yes;Yes;..;..;Yes;Yes;Yes;..;No;No;No;Yes;Yes;Yes;No;No;No;No;No;No;No;No;No;No;Yes;Yes;Yes;No;No;No;No;No;No;No;No;No;No;No;No;No;No;No;Yes;Yes;No;No;Yes;..;Yes;Yes;Yes;No;No;No;No
;Libya;434;—;—;—;—;—;—;—;—;—;—;—;—;—;—;—;—;—;—;—;—;—;—;—;—;—;—;—;—;—;—;—;—;—;—;—;—;—;—;—;—;—;—;—;—;—;—;—;—;—;—;—;—;—;—;—;—;—;—;—;—;—;—;—;—;—;—;—;—;—;—;—;—;—;—
;Morocco;504;Yes;No;Yes;No;..;Yes;Yes;..;..;..;..;Yes;Yes;No;Yes;Yes;Yes;Yes;Yes;Yes;Yes;Yes;No;Yes;Yes;Yes;Yes;No;Yes;Yes;Yes;Yes;No;No;No;Not Applicable;Yes;No;No;No;Yes;No;No;Yes;Yes;Yes;No;No;No;No;No;No;No;No;No;No;No;No;No;No;No;Yes;Yes;No;No;..;..;..;Yes;Yes;No;No;No;No
;Sudan;729;—;—;—;—;—;—;—;—;—;—;—;—;—;—;—;—;—;—;—;—;—;—;—;—;—;—;—;—;—;—;—;—;—;—;—;—;—;—;—;—;—;—;—;—;—;—;—;—;—;—;—;—;—;—;—;—;—;—;—;—;—;—;—;—;—;—;—;—;—;—;—;—;—;—
;Tunisia;788;—;—;—;—;—;—;—;—;—;—;—;—;—;—;—;—;—;—;—;—;—;—;—;—;—;—;—;—;—;—;—;—;—;—;—;—;—;—;—;—;—;—;—;—;—;—;—;—;—;—;—;—;—;—;—;—;—;—;—;—;—;—;—;—;—;—;—;—;—;—;—;—;—;—
;Southern Africa;913;;;;;;;;;;;;;;;;;;;;;;;;;;;;;;;;;;;;;;;;;;;;;;;;;;;;;;;;;;;;;;;;;;;;;;;;;;
;Botswana;72;Yes;No;Yes;Yes;Yes;Yes;Yes;Yes;Yes;Yes;Yes;Yes;Yes;Yes;No;No;No;Yes;Yes;Yes;Yes;Yes;Yes;Yes;Yes;Yes;Yes;Yes;Yes;Yes;Yes;Yes;Yes;Yes;Yes;Yes;Yes;No;Yes;Yes;No;No;No;Yes;Yes;Yes;No;No;No;Yes;No;No;Yes;No;No;No;No;No;No;No;No;Yes;Yes;Yes;Yes;Yes;Yes;Yes;Yes;Yes;No;No;No;No
;Eswatini;748;Yes;No;Yes;No;Yes;Yes;Yes;Yes;Yes;Yes;Yes;Yes;Yes;No;No;No;No;Yes;Yes;Yes;Yes;Yes;Yes;Yes;Yes;Yes;Yes;Yes;Yes;Yes;Yes;Yes;Yes;No;No;No;No;No;No;No;No;No;No;Yes;Yes;Yes;No;No;No;No;No;No;No;No;No;No;No;No;No;No;No;Yes;Yes;Yes;Yes;No;No;No;Yes;Yes;No;No;No;No
;Lesotho;426;—;—;—;—;—;—;—;—;—;—;—;—;—;—;—;—;—;—;—;—;—;—;—;—;—;—;—;—;—;—;—;—;—;—;—;—;—;—;—;—;—;—;—;—;—;—;—;—;—;—;—;—;—;—;—;—;—;—;—;—;—;—;—;—;—;—;—;—;—;—;—;—;—;—
;Namibia;516;Yes;No;Yes;No;Yes;Yes;Yes;Yes;Yes;Yes;Yes;Yes;Yes;No;No;No;No;Yes;Yes;Yes;Yes;Yes;Yes;Yes;Yes;Yes;Yes;Yes;Yes;Yes;Yes;Yes;Yes;No;No;No;No;No;No;No;No;No;No;Yes;Yes;Yes;No;No;No;No;No;No;Yes;No;No;No;Yes;No;No;No;Yes;Yes;Yes;Yes;Yes;Yes;Yes;Yes;Yes;Yes;No;No;No;No
;South Africa;710;—;—;—;—;—;—;—;—;—;—;—;—;—;—;—;—;—;—;—;—;—;—;—;—;—;—;—;—;—;—;—;—;—;—;—;—;—;—;—;—;—;—;—;—;—;—;—;—;—;—;—;—;—;—;—;—;—;—;—;—;—;—;—;—;—;—;—;—;—;—;—;—;—;—
;Western Africa;914;;;;;;;;;;;;;;;;;;;;;;;;;;;;;;;;;;;;;;;;;;;;;;;;;;;;;;;;;;;;;;;;;;;;;;;;;;
;Benin;204;—;—;—;—;—;—;—;—;—;—;—;—;—;—;—;—;—;—;—;—;—;—;—;—;—;—;—;—;—;—;—;—;—;—;—;—;—;—;—;—;—;—;—;—;—;—;—;—;—;—;—;—;—;—;—;—;—;—;—;—;—;—;—;—;—;—;—;—;—;—;—;—;—;—
;Burkina Faso;854;Yes;No;No;Not Applicable;Not Applicable;Not Applicable;Not Applicable;Not Applicable;Not Applicable;Not Applicable;Not Applicable;Not Applicable;Yes;No;No;No;No;Yes;Yes;Yes;Yes;Yes;Yes;Yes;Yes;Yes;Yes;Yes;Yes;Yes;Yes;Yes;Yes;No;No;No;No;No;No;No;No;No;No;Yes;Yes;Yes;No;No;No;No;No;No;No;No;No;No;No;No;No;No;No;Yes;Yes;Yes;Yes;Yes;No;No;Yes;Yes;No;No;No;No
;Cabo Verde;132;Yes;No;Yes;No;Yes;Yes;Yes;Yes;Yes;Yes;Yes;Yes;Yes;No;Yes;No;Yes;Yes;Yes;Yes;Yes;Yes;Yes;Yes;Yes;Yes;Yes;Yes;Yes;Yes;Yes;Yes;Yes;No;No;No;Yes;No;No;Yes;Yes;No;Yes;Yes;Yes;Yes;No;No;No;No;No;No;Yes;No;No;No;No;No;No;No;No;Yes;Yes;Yes;Yes;No;Yes;No;Yes;Yes;No;No;No;No
;Côte d'Ivoire;384;Yes;No;Yes;No;No;No;No;No;Yes;Yes;Yes;Yes;Yes;No;No;No;No;Yes;Yes;Yes;Yes;Yes;Yes;Yes;Yes;Yes;Yes;Yes;Yes;Yes;Yes;Yes;Yes;No;No;No;Yes;No;No;No;No;No;No;Yes;Yes;Yes;No;No;No;No;No;No;Yes;No;No;No;No;No;No;No;No;Yes;Yes;No;Yes;No;No;No;Yes;Yes;No;No;No;No
;Gambia;270;No;Not Applicable;Yes;No;Yes;Yes;Yes;Yes;Yes;Yes;Yes;Yes;Yes;No;No;No;No;Yes;Yes;Yes;Yes;Yes;Yes;Yes;Yes;Yes;Yes;Yes;Yes;..;Yes;Yes;Yes;No;No;No;No;No;No;No;No;No;No;Yes;Yes;Yes;No;No;No;No;No;No;No;No;No;No;No;No;No;No;No;Yes;No;Yes;Yes;Yes;Yes;Yes;No;Yes;No;No;No;No
;Ghana;288;No;Not Applicable;No;Not Applicable;Not Applicable;Not Applicable;Not Applicable;Not Applicable;Not Applicable;Not Applicable;Not Applicable;Not Applicable;Yes;No;No;No;No;Yes;Yes;Yes;Yes;Yes;Yes;Yes;Yes;Yes;Yes;No;Yes;Yes;Yes;Yes;Yes;No;No;No;Yes;No;No;No;No;No;No;Yes;Yes;Yes;No;No;No;Yes;No;No;No;Yes;No;No;No;Yes;No;No;No;Yes;Yes;Yes;Yes;Yes;No;No;Yes;Yes;No;No;No;No
;Guinea;324;No;Not Applicable;Yes;No;Yes;Yes;Yes;Yes;Yes;Yes;Yes;Yes;Yes;No;No;No;No;Yes;Yes;Yes;Yes;Yes;Yes;Yes;Yes;Yes;Yes;Yes;Yes;Yes;Yes;Yes;Yes;Yes;Yes;Yes;No;No;No;No;No;No;No;Yes;Yes;Yes;No;No;No;No;No;No;No;No;No;No;No;No;No;No;No;Yes;Yes;Yes;Yes;No;No;Yes;No;Yes;No;No;No;No
;Guinea-Bissau;624;No;Not Applicable;Yes;No;Yes;Yes;Yes;Yes;Yes;Yes;Yes;Yes;Yes;No;No;No;No;Yes;Yes;Yes;Yes;Yes;Yes;Yes;Yes;Yes;Yes;Yes;Yes;Yes;Yes;Yes;Yes;No;No;No;No;No;No;Yes;No;No;Yes;Yes;Yes;Yes;No;No;No;Yes;No;No;No;No;No;No;No;No;No;No;No;Yes;Yes;Yes;Yes;No;No;No;No;No;Not Applicable;Not Applicable;Not Applicable;Not Applicable
;Liberia;430;—;—;—;—;—;—;—;—;—;—;—;—;—;—;—;—;—;—;—;—;—;—;—;—;—;—;—;—;—;—;—;—;—;—;—;—;—;—;—;—;—;—;—;—;—;—;—;—;—;—;—;—;—;—;—;—;—;—;—;—;—;—;—;—;—;—;—;—;—;—;—;—;—;—
;Mali;466;No;Not Applicable;No;Not Applicable;Not Applicable;Not Applicable;Not Applicable;Not Applicable;Not Applicable;Not Applicable;Not Applicable;Not Applicable;Yes;Yes;Yes;Yes;Yes;Yes;Yes;Yes;Yes;Yes;Yes;Yes;Yes;Yes;Yes;Yes;Yes;Yes;Yes;Yes;Yes;Yes;Yes;Yes;Yes;Yes;Yes;Yes;Yes;Yes;Yes;Yes;Yes;Yes;No;No;No;No;No;No;No;No;No;No;No;No;No;No;No;Yes;Yes;Yes;Yes;Yes;Yes;Yes;Yes;Yes;No;..;..;..
;Mauritania;478;—;—;—;—;—;—;—;—;—;—;—;—;—;—;—;—;—;—;—;—;—;—;—;—;—;—;—;—;—;—;—;—;—;—;—;—;—;—;—;—;—;—;—;—;—;—;—;—;—;—;—;—;—;—;—;—;—;—;—;—;—;—;—;—;—;—;—;—;—;—;—;—;—;—
;Niger;562;—;—;—;—;—;—;—;—;—;—;—;—;—;—;—;—;—;—;—;—;—;—;—;—;—;—;—;—;—;—;—;—;—;—;—;—;—;—;—;—;—;—;—;—;—;—;—;—;—;—;—;—;—;—;—;—;—;—;—;—;—;—;—;—;—;—;—;—;—;—;—;—;—;—
;Nigeria;566;—;—;—;—;—;—;—;—;—;—;—;—;—;—;—;—;—;—;—;—;—;—;—;—;—;—;—;—;—;—;—;—;—;—;—;—;—;—;—;—;—;—;—;—;—;—;—;—;—;—;—;—;—;—;—;—;—;—;—;—;—;—;—;—;—;—;—;—;—;—;—;—;—;—
;Senegal;686;Yes;No;Yes;No;Yes;Yes;Yes;Yes;Yes;Yes;No;Yes;Yes;No;No;No;No;Yes;Yes;Yes;Yes;Yes;Yes;Yes;Yes;Yes;Yes;Yes;Yes;Yes;Yes;Yes;Yes;No;No;No;Yes;No;Yes;No;Yes;Yes;No;Yes;Yes;No;No;No;Not Applicable;Yes;No;No;Yes;No;No;No;No;Not Applicable;Not Applicable;Not Applicable;Not Applicable;Yes;No;No;No;No;No;No;Yes;Yes;No;No;No;No
;Sierra Leone;694;No;Not Applicable;No;Not Applicable;Not Applicable;Not Applicable;Not Applicable;Not Applicable;Not Applicable;Not Applicable;Not Applicable;Not Applicable;Yes;No;No;No;No;Yes;Yes;Yes;Yes;Yes;Yes;Yes;Yes;Yes;Yes;Yes;Yes;Yes;No;No;No;Not Applicable;Not Applicable;Not Applicable;Not Applicable;Not Applicable;Not Applicable;Not Applicable;Not Applicable;Not Applicable;Not Applicable;Yes;Yes;Yes;No;No;No;No;No;No;No;No;No;No;No;No;No;No;No;Yes;Yes;No;No;Yes;No;No;Yes;Yes;No;No;No;No
;Togo;768;Yes;No;Yes;No;Yes;Yes;Yes;Yes;Yes;Yes;Yes;Yes;Yes;Yes;No;No;No;Yes;Yes;Yes;Yes;Yes;Yes;Yes;Yes;Yes;Yes;Yes;Yes;Yes;Yes;Yes;Yes;No;No;No;Yes;No;No;No;Yes;No;No;Yes;Yes;Yes;No;No;No;No;No;No;No;No;No;No;No;No;No;No;No;Yes;No;Yes;Yes;Yes;Yes;..;Yes;Yes;No;No;No;No
;ASIA;935;;;;;;;;;;;;;;;;;;;;;;;;;;;;;;;;;;;;;;;;;;;;;;;;;;;;;;;;;;;;;;;;;;;;;;;;;;
;Central Asia;5500;;;;;;;;;;;;;;;;;;;;;;;;;;;;;;;;;;;;;;;;;;;;;;;;;;;;;;;;;;;;;;;;;;;;;;;;;;
;Kazakhstan;398;No;Not Applicable;No;Not Applicable;Not Applicable;Not Applicable;Not Applicable;Not Applicable;Not Applicable;Not Applicable;Not Applicable;Not Applicable;Yes;No;No;No;Yes;Yes;Yes;Yes;Yes;Yes;Yes;Yes;Yes;Yes;Yes;No;No;Yes;Yes;Yes;Yes;No;No;No;No;No;No;Yes;No;No;Yes;Yes;Yes;Yes;Yes;No;No;No;No;No;No;No;No;No;No;No;No;No;No;Yes;Yes;Yes;Yes;Yes;No;No;No;Yes;No;No;No;Yes
;Kyrgyzstan;417;—;—;—;—;—;—;—;—;—;—;—;—;—;—;—;—;—;—;—;—;—;—;—;—;—;—;—;—;—;—;—;—;—;—;—;—;—;—;—;—;—;—;—;—;—;—;—;—;—;—;—;—;—;—;—;—;—;—;—;—;—;—;—;—;—;—;—;—;—;—;—;—;—;—
;Tajikistan;762;—;—;—;—;—;—;—;—;—;—;—;—;—;—;—;—;—;—;—;—;—;—;—;—;—;—;—;—;—;—;—;—;—;—;—;—;—;—;—;—;—;—;—;—;—;—;—;—;—;—;—;—;—;—;—;—;—;—;—;—;—;—;—;—;—;—;—;—;—;—;—;—;—;—
;Turkmenistan;795;Yes;No;Yes;No;Yes;Yes;Yes;No;Yes;Yes;No;Yes;Yes;No;No;No;No;Yes;Yes;Yes;Yes;Yes;Yes;Yes;Yes;Yes;Yes;Yes;No;Yes;Yes;Yes;Yes;No;No;No;No;No;No;No;No;No;No;Yes;Yes;Yes;No;No;No;No;No;No;No;No;No;No;No;No;No;No;No;Yes;Yes;Yes;Yes;Yes;Yes;No;No;Yes;No;No;No;No
;Uzbekistan;860;Yes;No;Yes;No;Yes;Yes;Yes;Yes;Yes;Yes;Yes;Yes;Yes;No;No;No;No;Yes;Yes;Yes;Yes;Yes;Yes;Yes;Yes;Yes;No;Yes;Yes;Yes;Yes;Yes;Yes;No;No;No;No;No;No;No;No;No;No;Yes;Yes;Yes;Yes;No;Yes;No;No;No;No;No;No;No;No;No;No;No;No;Yes;Yes;Yes;Yes;Yes;No;No;Yes;Yes;No;No;No;No
;Eastern Asia;906;;;;;;;;;;;;;;;;;;;;;;;;;;;;;;;;;;;;;;;;;;;;;;;;;;;;;;;;;;;;;;;;;;;;;;;;;;
;China;156;No;Not Applicable;Yes;No;..;..;..;..;..;..;..;..;Yes;No;No;No;No;Yes;Yes;Yes;Yes;Yes;No;No;Yes;Yes;No;No;No;Yes;Yes;Yes;Yes;No;No;No;No;No;No;No;No;No;No;Yes;Yes;Yes;No;No;No;No;No;No;No;No;No;No;No;No;No;No;No;Yes;Yes;No;Yes;No;No;No;No;Yes;No;No;No;No
;Dem. People's Republic of Korea;408;—;—;—;—;—;—;—;—;—;—;—;—;—;—;—;—;—;—;—;—;—;—;—;—;—;—;—;—;—;—;—;—;—;—;—;—;—;—;—;—;—;—;—;—;—;—;—;—;—;—;—;—;—;—;—;—;—;—;—;—;—;—;—;—;—;—;—;—;—;—;—;—;—;—
;Japan;392;Yes;No;Yes;No;Yes;Yes;Yes;Yes;Yes;Yes;Yes;Yes;Yes;No;No;No;No;Yes;Yes;Yes;Yes;Yes;Yes;Yes;Yes;Yes;Yes;No;No;Yes;Yes;Yes;Yes;No;No;No;No;No;No;No;No;No;No;Yes;Yes;Yes;No;No;No;No;No;No;No;No;No;No;No;No;No;No;No;Yes;Yes;Yes;No;Yes;No;Yes;Yes;No;Not Applicable;Not Applicable;Not Applicable;Not Applicable
;Mongolia;496;No;Not Applicable;Yes;No;..;..;..;..;..;..;..;..;Yes;Yes;No;No;No;Yes;Yes;Yes;Yes;Yes;Yes;Yes;Yes;Yes;Yes;Yes;Yes;Yes;Yes;Yes;Yes;No;No;No;No;No;No;No;No;No;No;..;..;..;..;..;..;..;..;..;..;..;..;..;..;..;..;..;..;Yes;Yes;Yes;Yes;No;No;No;No;Yes;No;..;..;..
;Republic of Korea;410;—;—;—;—;—;—;—;—;—;—;—;—;—;—;—;—;—;—;—;—;—;—;—;—;—;—;—;—;—;—;—;—;—;—;—;—;—;—;—;—;—;—;—;—;—;—;—;—;—;—;—;—;—;—;—;—;—;—;—;—;—;—;—;—;—;—;—;—;—;—;—;—;—;—
;South-Eastern Asia;920;;;;;;;;;;;;;;;;;;;;;;;;;;;;;;;;;;;;;;;;;;;;;;;;;;;;;;;;;;;;;;;;;;;;;;;;;;
;Brunei Darussalam;96;Yes;No;No;Not Applicable;Not Applicable;Not Applicable;Not Applicable;Not Applicable;Not Applicable;Not Applicable;Not Applicable;Not Applicable;Yes;No;No;No;No;Yes;No;Yes;Yes;Yes;Yes;Yes;Yes;Yes;Yes;No;Yes;Yes;No;No;No;Not Applicable;Not Applicable;Not Applicable;Not Applicable;Not Applicable;Not Applicable;Not Applicable;Not Applicable;Not Applicable;Not Applicable;Yes;Yes;Yes;No;No;No;No;No;No;No;No;No;No;No;Yes;Yes;Yes;Yes;Yes;Yes;No;No;No;No;Yes;Yes;No;Not Applicable;Not Applicable;Not Applicable;Not Applicable
;Cambodia;116;—;—;—;—;—;—;—;—;—;—;—;—;—;—;—;—;—;—;—;—;—;—;—;—;—;—;—;—;—;—;—;—;—;—;—;—;—;—;—;—;—;—;—;—;—;—;—;—;—;—;—;—;—;—;—;—;—;—;—;—;—;—;—;—;—;—;—;—;—;—;—;—;—;—
;Indonesia;360;Yes;No;Yes;No;Yes;Yes;Yes;Yes;Yes;Yes;Yes;Yes;Yes;Yes;No;Yes;Yes;Yes;No;Yes;Yes;Yes;Yes;No;Yes;Yes;Yes;No;Yes;No;Yes;Yes;Yes;Yes;No;No;No;No;Yes;No;No;No;Yes;Yes;Yes;Yes;No;No;No;No;No;No;No;No;No;No;No;No;No;No;No;Yes;No;Yes;Yes;Yes;Yes;Yes;Yes;Yes;No;No;No;Yes
;Lao People's Democratic Republic;418;—;—;—;—;—;—;—;—;—;—;—;—;—;—;—;—;—;—;—;—;—;—;—;—;—;—;—;—;—;—;—;—;—;—;—;—;—;—;—;—;—;—;—;—;—;—;—;—;—;—;—;—;—;—;—;—;—;—;—;—;—;—;—;—;—;—;—;—;—;—;—;—;—;—
;Malaysia;458;—;—;—;—;—;—;—;—;—;—;—;—;—;—;—;—;—;—;—;—;—;—;—;—;—;—;—;—;—;—;—;—;—;—;—;—;—;—;—;—;—;—;—;—;—;—;—;—;—;—;—;—;—;—;—;—;—;—;—;—;—;—;—;—;—;—;—;—;—;—;—;—;—;—
;Myanmar;104;Yes;No;Yes;No;Yes;Yes;Yes;Yes;Yes;Yes;No;Yes;Yes;No;No;No;No;Yes;Yes;Yes;Yes;Yes;Yes;Yes;Yes;Yes;Yes;Yes;Yes;Yes;Yes;Yes;Yes;No;No;No;No;No;No;No;No;No;No;Yes;Yes;Yes;No;No;No;No;No;No;No;No;No;No;No;No;No;No;No;Yes;No;No;No;Yes;Yes;Yes;Yes;Yes;No;No;No;No
;Philippines;608;Yes;No;Yes;No;Yes;Yes;Yes;Yes;Yes;Yes;Yes;Yes;Yes;No;No;No;No;Yes;No;Yes;Yes;Yes;Yes;Yes;Yes;Yes;Yes;Yes;Yes;No;Yes;No;Yes;No;Not Applicable;No;Yes;No;No;No;Not Applicable;Not Applicable;Not Applicable;Yes;Yes;Yes;No;No;No;Yes;No;No;No;No;No;No;No;No;No;No;No;No;No;No;No;Not Applicable;Not Applicable;Not Applicable;Yes;Yes;No;No;No;No
;Singapore;702;Yes;No;Yes;No;Yes;Yes;Yes;Yes;Yes;Yes;Yes;Yes;No;Not Applicable;Not Applicable;Not Applicable;Not Applicable;Yes;No;Yes;Yes;Yes;Yes;Yes;Yes;Yes;No;No;No;No;No;No;Yes;Not Applicable;Not Applicable;No;Not Applicable;Not Applicable;Not Applicable;Not Applicable;Not Applicable;Not Applicable;Not Applicable;No;No;Yes;Not Applicable;Not Applicable;No;Not Applicable;Not Applicable;Not Applicable;Not Applicable;Not Applicable;Not Applicable;Not Applicable;Not Applicable;No;No;No;Yes;Yes;Yes;Yes;Yes;Yes;No;No;Yes;No;Not Applicable;Not Applicable;Not Applicable;Not Applicable
;Thailand;764;—;—;—;—;—;—;—;—;—;—;—;—;—;—;—;—;—;—;—;—;—;—;—;—;—;—;—;—;—;—;—;—;—;—;—;—;—;—;—;—;—;—;—;—;—;—;—;—;—;—;—;—;—;—;—;—;—;—;—;—;—;—;—;—;—;—;—;—;—;—;—;—;—;—
;Timor-Leste;626;—;—;—;—;—;—;—;—;—;—;—;—;—;—;—;—;—;—;—;—;—;—;—;—;—;—;—;—;—;—;—;—;—;—;—;—;—;—;—;—;—;—;—;—;—;—;—;—;—;—;—;—;—;—;—;—;—;—;—;—;—;—;—;—;—;—;—;—;—;—;—;—;—;—
;Viet Nam;704;—;—;—;—;—;—;—;—;—;—;—;—;—;—;—;—;—;—;—;—;—;—;—;—;—;—;—;—;—;—;—;—;—;—;—;—;—;—;—;—;—;—;—;—;—;—;—;—;—;—;—;—;—;—;—;—;—;—;—;—;—;—;—;—;—;—;—;—;—;—;—;—;—;—
;Southern Asia;5501;;;;;;;;;;;;;;;;;;;;;;;;;;;;;;;;;;;;;;;;;;;;;;;;;;;;;;;;;;;;;;;;;;;;;;;;;;
;Afghanistan;4;—;—;—;—;—;—;—;—;—;—;—;—;—;—;—;—;—;—;—;—;—;—;—;—;—;—;—;—;—;—;—;—;—;—;—;—;—;—;—;—;—;—;—;—;—;—;—;—;—;—;—;—;—;—;—;—;—;—;—;—;—;—;—;—;—;—;—;—;—;—;—;—;—;—
;Bangladesh;50;—;—;—;—;—;—;—;—;—;—;—;—;—;—;—;—;—;—;—;—;—;—;—;—;—;—;—;—;—;—;—;—;—;—;—;—;—;—;—;—;—;—;—;—;—;—;—;—;—;—;—;—;—;—;—;—;—;—;—;—;—;—;—;—;—;—;—;—;—;—;—;—;—;—
;Bhutan;64;Yes;No;Yes;No;Yes;Yes;Yes;Yes;Yes;Yes;Yes;Yes;Yes;No;No;No;No;Yes;Yes;Yes;Yes;Yes;Yes;Yes;Yes;Yes;Yes;No;No;Yes;Yes;Yes;Yes;No;No;No;No;No;No;No;No;No;No;Yes;Yes;Yes;No;No;No;No;No;No;No;No;No;No;No;No;No;No;No;Yes;Yes;Yes;No;Yes;Yes;Yes;Yes;No;Not Applicable;Not Applicable;Not Applicable;Not Applicable
;India;356;No;Not Applicable;No;Not Applicable;Not Applicable;Not Applicable;Not Applicable;Not Applicable;Not Applicable;Not Applicable;Not Applicable;Not Applicable;Yes;No;No;No;No;Yes;Yes;Yes;Yes;Yes;Yes;Yes;Yes;Yes;Yes;No;No;Yes;Yes;Yes;Yes;No;No;No;No;No;No;No;No;No;No;Yes;Yes;Yes;No;No;No;No;No;No;No;No;No;No;No;No;No;No;No;Yes;Yes;Yes;Yes;Yes;No;No;No;Yes;No;No;No;No
;Iran (Islamic Republic of);364;No;Not Applicable;No;Not Applicable;Not Applicable;Not Applicable;Not Applicable;Not Applicable;Not Applicable;Not Applicable;Not Applicable;Not Applicable;Yes;No;No;No;No;Yes;Yes;Yes;Yes;Yes;Yes;Yes;Yes;Yes;Yes;Yes;Yes;Yes;Yes;Yes;Yes;No;No;No;No;No;No;Yes;No;No;Yes;Yes;Yes;Yes;No;No;No;No;No;No;Yes;No;No;No;Yes;No;No;No;Yes;Yes;Yes;No;Yes;Yes;Yes;Yes;No;Yes;No;No;No;No
;Maldives;462;Yes;No;Yes;Yes;No;Yes;Yes;Yes;Yes;Yes;No;No;Yes;No;Yes;No;No;Yes;Yes;Yes;Yes;Yes;Yes;Yes;Yes;Yes;Yes;No;Yes;Yes;Yes;Yes;Yes;No;No;No;Yes;No;Yes;Yes;Yes;No;Yes;Yes;Yes;Yes;No;No;No;No;No;No;No;No;No;No;No;No;No;No;No;Yes;No;Yes;Yes;Yes;No;Yes;Yes;Yes;Yes;No;No;No
;Nepal;524;Yes;No;Yes;No;Yes;Yes;Yes;Yes;Yes;Yes;Yes;Yes;Yes;No;No;No;No;Yes;Yes;Yes;Yes;Yes;Yes;Yes;Yes;Yes;Yes;No;Yes;No;Yes;Yes;Yes;No;No;No;No;No;No;No;No;No;No;Yes;Yes;Yes;No;No;No;No;No;No;No;No;No;No;No;No;No;No;No;Yes;Yes;Yes;Yes;No;No;No;No;Yes;No;No;No;No
;Pakistan;586;—;—;—;—;—;—;—;—;—;—;—;—;—;—;—;—;—;—;—;—;—;—;—;—;—;—;—;—;—;—;—;—;—;—;—;—;—;—;—;—;—;—;—;—;—;—;—;—;—;—;—;—;—;—;—;—;—;—;—;—;—;—;—;—;—;—;—;—;—;—;—;—;—;—
;Sri Lanka;144;Yes;No;Yes;No;Yes;Yes;Yes;Yes;Yes;Yes;Yes;Yes;Yes;Yes;No;No;Yes;Yes;No;Yes;Yes;Yes;Yes;Yes;Yes;Yes;Yes;No;Yes;Yes;Yes;Yes;Yes;No;No;No;Yes;No;No;Yes;No;No;No;Yes;Yes;Yes;No;No;No;No;No;No;No;No;No;No;No;No;No;No;No;Yes;No;No;No;Yes;No;No;No;Yes;No;No;No;No
;Western Asia;922;;;;;;;;;;;;;;;;;;;;;;;;;;;;;;;;;;;;;;;;;;;;;;;;;;;;;;;;;;;;;;;;;;;;;;;;;;
;Armenia;51;—;—;—;—;—;—;—;—;—;—;—;—;—;—;—;—;—;—;—;—;—;—;—;—;—;—;—;—;—;—;—;—;—;—;—;—;—;—;—;—;—;—;—;—;—;—;—;—;—;—;—;—;—;—;—;—;—;—;—;—;—;—;—;—;—;—;—;—;—;—;—;—;—;—
;Azerbaijan;31;—;—;—;—;—;—;—;—;—;—;—;—;—;—;—;—;—;—;—;—;—;—;—;—;—;—;—;—;—;—;—;—;—;—;—;—;—;—;—;—;—;—;—;—;—;—;—;—;—;—;—;—;—;—;—;—;—;—;—;—;—;—;—;—;—;—;—;—;—;—;—;—;—;—
;Bahrain;48;No;Not Applicable;Yes;No;No;Yes;No;Yes;Yes;Yes;No;Yes;Yes;No;No;No;No;Yes;Yes;Yes;Yes;Yes;Yes;Yes;Yes;Yes;No;No;No;Yes;Yes;No;Yes;No;Not Applicable;No;No;No;No;No;Not Applicable;Not Applicable;Not Applicable;Yes;Yes;Yes;No;No;No;No;No;No;No;No;No;No;No;No;No;No;No;Yes;No;No;No;Yes;No;No;Yes;Yes;No;No;No;No
;Cyprus;196;Yes;No;Yes;No;Yes;Yes;Yes;Yes;Yes;Yes;Yes;Yes;Yes;No;No;No;No;Yes;Yes;Yes;Yes;Yes;Yes;Yes;Yes;Yes;Yes;No;Yes;No;No;No;Yes;Not Applicable;Not Applicable;No;Not Applicable;Not Applicable;Not Applicable;Not Applicable;Not Applicable;Not Applicable;Not Applicable;Yes;Yes;Yes;No;No;No;No;No;No;No;No;No;No;No;No;No;No;No;Yes;Yes;Yes;Yes;Yes;Yes;No;No;No;Not Applicable;Not Applicable;Not Applicable;Not Applicable
;Georgia;268;Yes;No;Yes;No;No;No;Yes;Yes;Yes;Yes;No;Yes;Yes;No;No;No;No;Yes;Yes;Yes;Yes;Yes;Yes;Yes;Yes;Yes;Yes;No;No;Yes;Yes;Yes;Yes;No;No;No;No;No;No;No;No;No;No;Yes;Yes;Yes;No;No;No;No;No;No;No;No;No;No;No;No;No;No;No;Yes;Yes;Yes;Yes;Yes;No;No;No;Yes;No;No;No;No
;Iraq;368;No;Not Applicable;No;Not Applicable;Not Applicable;Not Applicable;Not Applicable;Not Applicable;Not Applicable;Not Applicable;Not Applicable;Not Applicable;Yes;No;No;No;No;Yes;Yes;Yes;Yes;Yes;Yes;Yes;Yes;Yes;Yes;Yes;No;No;Yes;Yes;Yes;No;No;No;No;No;No;No;No;No;No;Yes;Yes;Yes;Yes;Yes;Yes;No;No;No;Yes;No;No;No;Yes;No;No;No;Yes;Yes;Yes;No;Yes;Yes;Yes;Yes;Yes;Yes;No;No;No;No
;Israel;376;—;—;—;—;—;—;—;—;—;—;—;—;—;—;—;—;—;—;—;—;—;—;—;—;—;—;—;—;—;—;—;—;—;—;—;—;—;—;—;—;—;—;—;—;—;—;—;—;—;—;—;—;—;—;—;—;—;—;—;—;—;—;—;—;—;—;—;—;—;—;—;—;—;—
;Jordan;400;No;Not Applicable;No;Not Applicable;Not Applicable;Not Applicable;Not Applicable;Not Applicable;Not Applicable;Not Applicable;Not Applicable;Not Applicable;Yes;No;Yes;Yes;Yes;Yes;Yes;Yes;Yes;Yes;Yes;Yes;Yes;Yes;Yes;No;Yes;Yes;Yes;Yes;Yes;No;No;No;No;No;Yes;No;No;No;Yes;Yes;Yes;Yes;No;No;No;No;No;No;No;No;No;No;No;No;No;No;No;Yes;Yes;No;Yes;Yes;Yes;Yes;Yes;Yes;No;No;Yes;Yes
;Kuwait;414;—;—;—;—;—;—;—;—;—;—;—;—;—;—;—;—;—;—;—;—;—;—;—;—;—;—;—;—;—;—;—;—;—;—;—;—;—;—;—;—;—;—;—;—;—;—;—;—;—;—;—;—;—;—;—;—;—;—;—;—;—;—;—;—;—;—;—;—;—;—;—;—;—;—
;Lebanon;422;No;Not Applicable;Yes;No;..;..;..;..;..;Yes;..;Yes;Yes;No;No;No;No;Yes;No;Yes;Yes;Yes;Yes;No;Yes;Yes;Yes;No;No;Yes;Yes;Yes;Yes;No;No;No;No;No;No;No;No;No;No;Yes;Yes;Yes;No;No;No;No;No;No;No;No;No;No;No;No;No;No;No;Yes;No;No;No;Yes;..;..;Yes;Yes;No;No;No;No
;Oman;512;No;Not Applicable;No;Not Applicable;Not Applicable;Not Applicable;Not Applicable;Not Applicable;Not Applicable;Not Applicable;Not Applicable;Not Applicable;Yes;No;No;No;No;Yes;Yes;Yes;Yes;Yes;Yes;Yes;Yes;Yes;Yes;No;Yes;Yes;Yes;Yes;Yes;No;No;No;No;No;No;No;No;No;No;Yes;Yes;Yes;No;No;No;No;No;No;No;No;No;No;No;No;No;No;No;Yes;Yes;No;Yes;Yes;No;Yes;Yes;Yes;No;No;No;No
;Qatar;634;No;Not Applicable;No;Not Applicable;Not Applicable;Not Applicable;Not Applicable;Not Applicable;Not Applicable;Not Applicable;Not Applicable;Not Applicable;Yes;No;No;No;No;Yes;Yes;Yes;Yes;Yes;Yes;Yes;Yes;Yes;Yes;No;Yes;Yes;Yes;Yes;Yes;No;No;No;No;No;No;No;No;No;No;Yes;Yes;Yes;No;No;No;No;No;No;No;No;No;No;No;No;No;No;No;Yes;Yes;Yes;Yes;Yes;Yes;No;Yes;Yes;No;No;No;No
;Saudi Arabia;682;No;Not Applicable;..;..;..;..;..;..;..;..;..;..;Yes;No;No;No;No;Yes;Yes;Yes;Yes;No;Yes;No;Yes;Yes;No;No;No;No;Yes;Yes;Yes;No;No;No;No;No;No;No;No;No;No;Yes;Yes;Yes;No;No;No;No;No;No;No;No;No;No;No;No;No;No;No;..;..;..;..;..;..;..;..;Yes;No;No;No;No
;State of Palestine;275;No;Not Applicable;No;Not Applicable;Not Applicable;Not Applicable;Not Applicable;Not Applicable;Not Applicable;Not Applicable;Not Applicable;Not Applicable;Yes;No;No;No;No;Yes;Yes;Yes;Yes;Yes;Yes;Yes;Yes;Yes;No;Yes;No;Yes;Yes;Yes;Yes;No;No;No;No;No;No;No;No;No;No;Yes;Yes;Yes;No;No;No;No;No;No;No;No;No;No;No;No;No;No;No;Yes;Yes;Yes;No;Yes;Yes;Yes;Yes;Yes;No;No;No;No
;Syrian Arab Republic;760;—;—;—;—;—;—;—;—;—;—;—;—;—;—;—;—;—;—;—;—;—;—;—;—;—;—;—;—;—;—;—;—;—;—;—;—;—;—;—;—;—;—;—;—;—;—;—;—;—;—;—;—;—;—;—;—;—;—;—;—;—;—;—;—;—;—;—;—;—;—;—;—;—;—
;Turkey;792;No;Not Applicable;Yes;No;No;No;No;No;Yes;Yes;No;Yes;Yes;No;No;No;No;Yes;Yes;Yes;Yes;Yes;Yes;Yes;Yes;Yes;Yes;Yes;Yes;Yes;Yes;Yes;Yes;No;No;No;No;No;No;No;No;No;No;Yes;Yes;Yes;No;No;No;Yes;No;No;No;No;No;No;No;No;No;No;No;Yes;Yes;Yes;Yes;Yes;Yes;Yes;Yes;Yes;No;No;No;No
;United Arab Emirates;784;Yes;No;..;..;..;..;..;..;..;..;..;..;Yes;No;No;No;No;Yes;Yes;Yes;Yes;Yes;Yes;Yes;Yes;Yes;Yes;No;Yes;Yes;Yes;Yes;Yes;No;No;No;No;No;No;No;No;No;No;Yes;Yes;Yes;No;No;No;No;No;No;No;No;No;No;No;No;No;No;No;Yes;Yes;Yes;Yes;Yes;No;Yes;Yes;Yes;No;No;No;No
;Yemen;887;—;—;—;—;—;—;—;—;—;—;—;—;—;—;—;—;—;—;—;—;—;—;—;—;—;—;—;—;—;—;—;—;—;—;—;—;—;—;—;—;—;—;—;—;—;—;—;—;—;—;—;—;—;—;—;—;—;—;—;—;—;—;—;—;—;—;—;—;—;—;—;—;—;—
;EUROPE;908;;;;;;;;;;;;;;;;;;;;;;;;;;;;;;;;;;;;;;;;;;;;;;;;;;;;;;;;;;;;;;;;;;;;;;;;;;
;Eastern Europe;923;;;;;;;;;;;;;;;;;;;;;;;;;;;;;;;;;;;;;;;;;;;;;;;;;;;;;;;;;;;;;;;;;;;;;;;;;;
;Belarus;112;No;Not Applicable;Yes;No;Yes;Yes;Yes;Yes;Yes;Yes;Yes;Yes;Yes;No;No;No;Yes;Yes;Yes;Yes;Yes;Yes;Yes;Yes;Yes;Yes;Yes;Yes;No;Yes;Yes;Yes;Yes;No;No;No;No;No;No;Yes;Yes;No;No;Yes;Yes;Yes;No;No;No;Yes;No;No;No;No;No;No;No;No;No;No;No;Yes;Yes;Yes;Yes;Yes;No;No;No;Yes;No;No;No;No
;Bulgaria;100;Yes;No;No;Not Applicable;Not Applicable;Not Applicable;Not Applicable;Not Applicable;Not Applicable;Not Applicable;Not Applicable;Not Applicable;Yes;No;No;No;No;Yes;Yes;Yes;Yes;Yes;Yes;Yes;Yes;No;Yes;Yes;No;Yes;Yes;Yes;Yes;No;No;Yes;Yes;No;No;Yes;Yes;No;Yes;Yes;Yes;Yes;No;No;No;Yes;No;No;Yes;No;No;No;Yes;No;No;No;No;Yes;Yes;Yes;Yes;Yes;No;No;No;Yes;No;No;No;No
;Czechia;203;Yes;Yes;Yes;No;Yes;Yes;Yes;Yes;Yes;Yes;Yes;Yes;Yes;No;No;No;No;Yes;Yes;Yes;Yes;Yes;Yes;Yes;Yes;Yes;Yes;Yes;Yes;Yes;Yes;Yes;Yes;No;No;No;Yes;No;No;Yes;No;No;Yes;Yes;Yes;Yes;No;No;Yes;No;No;No;Yes;No;No;No;Yes;No;No;No;Yes;Yes;Yes;Yes;Yes;Yes;No;No;No;Yes;No;No;No;No
;Hungary;348;Yes;No;Yes;No;Yes;Yes;No;Yes;Yes;Yes;Yes;Yes;Yes;No;No;No;No;Yes;Yes;Yes;Yes;Yes;Yes;Yes;Yes;Yes;Yes;Yes;Yes;Yes;Yes;Yes;Yes;No;No;No;No;No;No;No;No;No;No;Yes;Yes;Yes;No;No;No;No;No;No;No;No;No;No;No;No;No;No;No;Yes;Yes;Yes;Yes;Yes;Yes;No;Yes;Yes;No;No;No;No
;Poland;616;Yes;No;Yes;No;Yes;Yes;Yes;Yes;Yes;Yes;Yes;Yes;Yes;No;No;No;Yes;Yes;Yes;Yes;Yes;Yes;Yes;Yes;Yes;Yes;Yes;Yes;Yes;Yes;Yes;Yes;Yes;No;No;No;No;No;No;Yes;No;No;Yes;Yes;Yes;Yes;No;No;No;Yes;No;No;No;No;No;No;No;No;No;No;No;Yes;Yes;Yes;Yes;Yes;No;No;No;Yes;No;No;No;Yes
;Republic of Moldova;498;—;—;—;—;—;—;—;—;—;—;—;—;—;—;—;—;—;—;—;—;—;—;—;—;—;—;—;—;—;—;—;—;—;—;—;—;—;—;—;—;—;—;—;—;—;—;—;—;—;—;—;—;—;—;—;—;—;—;—;—;—;—;—;—;—;—;—;—;—;—;—;—;—;—
;Romania;642;Yes;No;Yes;No;Yes;Yes;Yes;Yes;Yes;Yes;Yes;Yes;Yes;No;No;No;No;Yes;Yes;Yes;Yes;Yes;Yes;Yes;Yes;Yes;Yes;Yes;Yes;Yes;Yes;Yes;Yes;No;No;No;No;No;No;No;No;No;No;Yes;Yes;Yes;No;No;No;No;No;No;No;No;No;No;No;No;No;No;No;Yes;Yes;Yes;Yes;Yes;No;No;No;Yes;No;No;No;No
;Russian Federation;643;No;Not Applicable;No;Not Applicable;Not Applicable;Not Applicable;Not Applicable;Not Applicable;Not Applicable;Not Applicable;Not Applicable;Not Applicable;Yes;No;No;No;Yes;Yes;Yes;Yes;Yes;Yes;Yes;Yes;Yes;Yes;Yes;No;No;No;Yes;Yes;Yes;No;No;No;No;No;No;Yes;No;No;No;Yes;Yes;Yes;No;No;No;No;No;No;Yes;No;No;No;No;No;No;No;No;Yes;Yes;Yes;Yes;No;No;No;No;Yes;No;No;No;No
;Slovakia;703;Yes;No;Yes;No;Yes;Yes;Yes;Yes;Yes;Yes;Yes;Yes;Yes;No;No;No;No;Yes;No;Yes;Yes;Yes;No;Yes;Yes;Yes;No;No;No;No;Yes;Yes;Yes;No;No;No;Yes;No;No;Yes;Yes;No;No;Yes;Yes;Yes;No;No;No;No;No;No;No;No;No;No;No;No;No;No;No;Yes;Yes;Yes;Yes;Yes;No;No;Yes;Yes;No;No;No;Yes
;Ukraine;804;No;Not Applicable;Yes;No;Yes;Yes;Yes;Yes;Yes;Yes;Yes;Yes;Yes;Yes;No;No;No;Yes;No;Yes;Yes;Yes;Yes;Yes;Yes;Yes;No;No;No;No;No;No;No;Not Applicable;Not Applicable;Not Applicable;Not Applicable;Not Applicable;Not Applicable;Not Applicable;Not Applicable;Not Applicable;Not Applicable;Yes;Yes;Yes;No;Yes;No;No;No;No;No;Yes;No;No;Yes;No;No;No;No;Yes;Yes;No;Yes;Yes;No;No;Yes;Yes;No;No;No;No
;Northern Europe;924;;;;;;;;;;;;;;;;;;;;;;;;;;;;;;;;;;;;;;;;;;;;;;;;;;;;;;;;;;;;;;;;;;;;;;;;;;
;Denmark;208;Yes;No;Yes;No;Yes;Yes;Yes;Yes;Yes;Yes;Yes;Yes;Yes;No;No;No;No;Yes;Yes;Yes;Yes;Yes;Yes;Yes;Yes;Yes;Yes;No;Yes;Yes;Yes;Yes;Yes;No;No;No;No;No;No;Yes;No;No;Yes;Yes;Yes;Yes;No;No;No;No;No;No;Yes;No;No;No;Yes;No;No;No;Yes;Yes;Yes;Yes;Yes;Yes;Yes;No;No;Yes;No;No;No;No
;Estonia;233;Yes;No;Yes;No;Yes;Yes;Yes;Yes;Yes;Yes;Yes;Yes;Yes;No;No;No;No;Yes;Yes;Yes;Yes;Yes;Yes;Yes;Yes;Yes;Yes;Yes;Yes;Yes;Yes;Yes;Yes;No;No;No;No;No;No;No;No;No;No;Yes;Yes;Yes;No;No;No;No;No;No;No;No;No;No;No;No;No;No;No;Yes;Yes;Yes;Yes;Yes;No;No;No;Yes;No;No;No;No
;Finland;246;Yes;No;Yes;No;Yes;Yes;Yes;Yes;Yes;Yes;Yes;Yes;Yes;No;No;No;No;Yes;Yes;Yes;Yes;Yes;Yes;Yes;Yes;Yes;Yes;Yes;Yes;Yes;Yes;Yes;Yes;No;No;No;No;No;No;No;No;No;No;Yes;Yes;Yes;No;No;No;No;No;No;No;No;No;No;No;No;No;No;No;Yes;Yes;Yes;Yes;Yes;No;No;No;Yes;No;No;No;No
;Iceland;352;—;—;—;—;—;—;—;—;—;—;—;—;—;—;—;—;—;—;—;—;—;—;—;—;—;—;—;—;—;—;—;—;—;—;—;—;—;—;—;—;—;—;—;—;—;—;—;—;—;—;—;—;—;—;—;—;—;—;—;—;—;—;—;—;—;—;—;—;—;—;—;—;—;—
;Ireland;372;—;—;—;—;—;—;—;—;—;—;—;—;—;—;—;—;—;—;—;—;—;—;—;—;—;—;—;—;—;—;—;—;—;—;—;—;—;—;—;—;—;—;—;—;—;—;—;—;—;—;—;—;—;—;—;—;—;—;—;—;—;—;—;—;—;—;—;—;—;—;—;—;—;—
;Latvia;428;—;—;—;—;—;—;—;—;—;—;—;—;—;—;—;—;—;—;—;—;—;—;—;—;—;—;—;—;—;—;—;—;—;—;—;—;—;—;—;—;—;—;—;—;—;—;—;—;—;—;—;—;—;—;—;—;—;—;—;—;—;—;—;—;—;—;—;—;—;—;—;—;—;—
;Lithuania;440;Yes;No;Yes;No;Yes;Yes;Yes;Yes;Yes;Yes;Yes;Yes;Yes;No;No;No;No;Yes;Yes;Yes;Yes;Yes;Yes;Yes;Yes;Yes;Yes;Yes;Yes;Yes;Yes;Yes;Yes;No;No;No;Yes;No;No;No;Yes;No;No;Yes;Yes;Yes;No;No;No;Yes;No;No;Yes;Yes;No;No;Yes;No;No;No;Yes;Yes;Yes;Yes;Yes;Yes;No;No;No;Yes;No;No;No;No
;Norway;578;Yes;No;Yes;No;Yes;Yes;Yes;Yes;Yes;Yes;Yes;Yes;Yes;No;No;No;No;Yes;Yes;Yes;Yes;Yes;Yes;Yes;Yes;Yes;Yes;Yes;Yes;Yes;Yes;Yes;Yes;No;No;No;No;No;No;No;No;No;No;Yes;Yes;Yes;No;No;No;No;No;No;No;No;No;No;No;No;No;No;No;Yes;Yes;Yes;Yes;No;No;No;No;Yes;No;No;No;No
;Sweden;752;—;—;—;—;—;—;—;—;—;—;—;—;—;—;—;—;—;—;—;—;—;—;—;—;—;—;—;—;—;—;—;—;—;—;—;—;—;—;—;—;—;—;—;—;—;—;—;—;—;—;—;—;—;—;—;—;—;—;—;—;—;—;—;—;—;—;—;—;—;—;—;—;—;—
;United Kingdom;826;Yes;No;Yes;No;Yes;Yes;Yes;Yes;Yes;Yes;Yes;Yes;Yes;No;No;No;No;Yes;Yes;Yes;Yes;Yes;Yes;Yes;Yes;Yes;Yes;Yes;Yes;Yes;Yes;Yes;Yes;No;No;No;No;No;No;No;No;No;No;Yes;Yes;Yes;No;No;No;No;No;No;No;No;No;No;No;No;No;No;No;Yes;Yes;Yes;Yes;Yes;No;No;Yes;Yes;No;No;No;No
;Southern Europe;925;;;;;;;;;;;;;;;;;;;;;;;;;;;;;;;;;;;;;;;;;;;;;;;;;;;;;;;;;;;;;;;;;;;;;;;;;;
;Albania;8;No;Not Applicable;Yes;No;Yes;Yes;Yes;Yes;Yes;Yes;Yes;Yes;Yes;No;No;No;No;Yes;No;Yes;Yes;Yes;Yes;No;Yes;Yes;Yes;No;No;Yes;Yes;Yes;Yes;No;No;No;No;No;No;No;No;No;No;Yes;Yes;Yes;No;No;No;Yes;No;No;Yes;Yes;No;No;Yes;Yes;No;No;Yes;Yes;Yes;Yes;Yes;Yes;No;No;No;Yes;No;No;No;No
;Andorra;20;—;—;—;—;—;—;—;—;—;—;—;—;—;—;—;—;—;—;—;—;—;—;—;—;—;—;—;—;—;—;—;—;—;—;—;—;—;—;—;—;—;—;—;—;—;—;—;—;—;—;—;—;—;—;—;—;—;—;—;—;—;—;—;—;—;—;—;—;—;—;—;—;—;—
;Bosnia and Herzegovina;70;No;Not Applicable;Yes;No;Yes;Yes;Yes;Yes;Yes;Yes;Yes;Yes;Yes;No;No;No;No;Yes;No;Yes;Yes;Yes;Yes;Yes;Yes;No;No;No;No;No;No;No;Yes;Not Applicable;Not Applicable;No;Not Applicable;Not Applicable;Not Applicable;Not Applicable;Not Applicable;Not Applicable;Not Applicable;Yes;Yes;Yes;No;No;No;No;No;No;No;No;No;No;No;No;No;No;No;Yes;Yes;Yes;Yes;Yes;Yes;No;No;Yes;No;No;No;No
;Croatia;191;Yes;No;Yes;No;Yes;Yes;Yes;Yes;Yes;Yes;Yes;Yes;Yes;No;No;No;No;Yes;Yes;Yes;Yes;Yes;Yes;Yes;Yes;Yes;Yes;No;Yes;Yes;Yes;Yes;Yes;No;No;No;No;No;No;No;No;No;No;Yes;Yes;Yes;No;No;No;Yes;No;No;No;No;No;No;No;No;No;No;No;Yes;Yes;Yes;Yes;No;No;No;No;Yes;No;No;No;No
;Greece;300;Yes;No;Yes;No;Yes;Yes;Yes;Yes;Yes;Yes;Yes;Yes;Yes;No;No;No;No;Yes;Yes;No;Yes;Yes;No;Yes;Yes;No;Yes;No;Yes;No;Yes;No;No;No;Not Applicable;Not Applicable;No;No;No;No;Not Applicable;Not Applicable;Not Applicable;Yes;Yes;Yes;No;No;No;No;No;No;No;No;No;No;No;No;No;No;No;Yes;Yes;Yes;Yes;Yes;No;No;No;No;Not Applicable;Not Applicable;Not Applicable;Not Applicable
;Holy See;336;—;—;—;—;—;—;—;—;—;—;—;—;—;—;—;—;—;—;—;—;—;—;—;—;—;—;—;—;—;—;—;—;—;—;—;—;—;—;—;—;—;—;—;—;—;—;—;—;—;—;—;—;—;—;—;—;—;—;—;—;—;—;—;—;—;—;—;—;—;—;—;—;—;—
;Italy;380;—;—;—;—;—;—;—;—;—;—;—;—;—;—;—;—;—;—;—;—;—;—;—;—;—;—;—;—;—;—;—;—;—;—;—;—;—;—;—;—;—;—;—;—;—;—;—;—;—;—;—;—;—;—;—;—;—;—;—;—;—;—;—;—;—;—;—;—;—;—;—;—;—;—
;Malta;470;—;—;—;—;—;—;—;—;—;—;—;—;—;—;—;—;—;—;—;—;—;—;—;—;—;—;—;—;—;—;—;—;—;—;—;—;—;—;—;—;—;—;—;—;—;—;—;—;—;—;—;—;—;—;—;—;—;—;—;—;—;—;—;—;—;—;—;—;—;—;—;—;—;—
;Montenegro;499;—;—;—;—;—;—;—;—;—;—;—;—;—;—;—;—;—;—;—;—;—;—;—;—;—;—;—;—;—;—;—;—;—;—;—;—;—;—;—;—;—;—;—;—;—;—;—;—;—;—;—;—;—;—;—;—;—;—;—;—;—;—;—;—;—;—;—;—;—;—;—;—;—;—
;North Macedonia;807;Yes;No;Yes;No;Yes;Yes;Yes;Yes;Yes;Yes;Yes;Yes;Yes;No;No;No;No;Yes;Yes;Yes;Yes;Yes;Yes;Yes;Yes;Yes;Yes;Yes;Yes;Yes;Yes;Yes;Yes;No;..;No;No;No;No;No;No;No;Yes;Yes;Yes;Yes;No;Yes;No;Yes;No;No;No;No;No;No;No;No;No;No;No;Yes;Yes;Yes;Yes;Yes;..;..;Yes;Yes;No;No;No;No
;Portugal;620;Yes;No;Yes;No;Yes;Yes;Yes;Yes;Yes;Yes;Yes;Yes;Yes;No;No;No;No;Yes;Yes;Yes;Yes;Yes;Yes;Yes;Yes;Yes;Yes;Yes;Yes;Yes;Yes;Yes;Yes;No;No;No;No;No;No;No;No;No;No;Yes;Yes;Yes;No;No;No;Yes;No;No;No;No;No;No;No;No;No;No;No;Yes;Yes;Yes;Yes;No;Yes;No;Yes;Yes;No;No;No;No
;San Marino;674;—;—;—;—;—;—;—;—;—;—;—;—;—;—;—;—;—;—;—;—;—;—;—;—;—;—;—;—;—;—;—;—;—;—;—;—;—;—;—;—;—;—;—;—;—;—;—;—;—;—;—;—;—;—;—;—;—;—;—;—;—;—;—;—;—;—;—;—;—;—;—;—;—;—
;Serbia;688;Yes;No;Yes;No;Yes;Yes;Yes;Yes;Yes;Yes;Yes;Yes;Yes;No;No;No;No;Yes;Yes;Yes;Yes;Yes;Yes;Yes;Yes;Yes;Yes;No;No;Yes;Yes;Yes;Yes;No;No;No;No;No;No;No;No;No;No;Yes;Yes;Yes;No;No;No;No;No;No;No;No;No;No;No;No;No;No;No;Yes;Yes;Yes;Yes;No;No;No;No;Yes;No;No;No;No
;Slovenia;705;Yes;No;Yes;..;Yes;Yes;Yes;Yes;Yes;Yes;Yes;Yes;Yes;No;No;No;No;Yes;Yes;Yes;Yes;Yes;Yes;Yes;Yes;Yes;Yes;No;No;Yes;Yes;Yes;Yes;No;No;No;No;No;No;No;Yes;No;No;Yes;Yes;Yes;No;No;No;No;No;No;No;No;No;No;No;No;No;No;No;Yes;Yes;Yes;Yes;Yes;No;No;No;Yes;No;No;No;No
;Spain;724;—;—;—;—;—;—;—;—;—;—;—;—;—;—;—;—;—;—;—;—;—;—;—;—;—;—;—;—;—;—;—;—;—;—;—;—;—;—;—;—;—;—;—;—;—;—;—;—;—;—;—;—;—;—;—;—;—;—;—;—;—;—;—;—;—;—;—;—;—;—;—;—;—;—
;Western Europe;926;;;;;;;;;;;;;;;;;;;;;;;;;;;;;;;;;;;;;;;;;;;;;;;;;;;;;;;;;;;;;;;;;;;;;;;;;;
;Austria;40;Yes;No;Yes;No;Yes;..;..;Yes;Yes;Yes;Yes;Yes;Yes;No;No;No;No;Yes;Yes;Yes;Yes;Yes;Yes;Yes;Yes;Yes;Yes;Yes;Yes;Yes;Yes;..;Yes;No;..;No;No;No;No;No;..;..;..;Yes;Yes;Yes;No;No;No;No;No;No;No;No;No;No;No;No;No;No;No;Yes;Yes;..;Yes;Yes;Yes;No;Yes;No;Not Applicable;Not Applicable;Not Applicable;Not Applicable
;Belgium;56;—;—;—;—;—;—;—;—;—;—;—;—;—;—;—;—;—;—;—;—;—;—;—;—;—;—;—;—;—;—;—;—;—;—;—;—;—;—;—;—;—;—;—;—;—;—;—;—;—;—;—;—;—;—;—;—;—;—;—;—;—;—;—;—;—;—;—;—;—;—;—;—;—;—
;France;250;—;—;—;—;—;—;—;—;—;—;—;—;—;—;—;—;—;—;—;—;—;—;—;—;—;—;—;—;—;—;—;—;—;—;—;—;—;—;—;—;—;—;—;—;—;—;—;—;—;—;—;—;—;—;—;—;—;—;—;—;—;—;—;—;—;—;—;—;—;—;—;—;—;—
;Germany;276;Yes;No;Yes;No;Yes;Yes;Yes;Yes;Yes;Yes;Yes;Yes;Yes;No;No;No;No;Yes;Yes;No;Yes;Yes;No;No;Yes;No;No;No;No;Yes;Yes;Yes;Yes;No;No;No;No;No;No;Yes;No;No;Yes;Yes;Yes;Yes;No;No;No;No;No;No;No;No;No;No;No;No;No;No;No;Yes;Yes;Yes;No;No;No;No;Yes;Yes;No;No;No;Yes
;Liechtenstein;438;—;—;—;—;—;—;—;—;—;—;—;—;—;—;—;—;—;—;—;—;—;—;—;—;—;—;—;—;—;—;—;—;—;—;—;—;—;—;—;—;—;—;—;—;—;—;—;—;—;—;—;—;—;—;—;—;—;—;—;—;—;—;—;—;—;—;—;—;—;—;—;—;—;—
;Luxembourg;442;—;—;—;—;—;—;—;—;—;—;—;—;—;—;—;—;—;—;—;—;—;—;—;—;—;—;—;—;—;—;—;—;—;—;—;—;—;—;—;—;—;—;—;—;—;—;—;—;—;—;—;—;—;—;—;—;—;—;—;—;—;—;—;—;—;—;—;—;—;—;—;—;—;—
;Monaco;492;—;—;—;—;—;—;—;—;—;—;—;—;—;—;—;—;—;—;—;—;—;—;—;—;—;—;—;—;—;—;—;—;—;—;—;—;—;—;—;—;—;—;—;—;—;—;—;—;—;—;—;—;—;—;—;—;—;—;—;—;—;—;—;—;—;—;—;—;—;—;—;—;—;—
;Netherlands;528;Yes;No;Yes;No;Yes;Yes;Yes;Yes;Yes;Yes;Yes;Yes;Yes;No;No;No;No;Yes;Yes;Yes;Yes;Yes;Yes;Yes;Yes;Yes;Yes;Yes;Yes;Yes;Yes;Yes;Yes;No;No;No;No;No;No;No;No;No;No;Yes;Yes;Yes;No;No;No;No;No;No;No;No;No;No;No;No;No;No;No;Yes;Yes;Yes;Yes;No;No;No;No;Yes;No;No;No;No
;Switzerland;756;—;—;—;—;—;—;—;—;—;—;—;—;—;—;—;—;—;—;—;—;—;—;—;—;—;—;—;—;—;—;—;—;—;—;—;—;—;—;—;—;—;—;—;—;—;—;—;—;—;—;—;—;—;—;—;—;—;—;—;—;—;—;—;—;—;—;—;—;—;—;—;—;—;—
;LATIN AMERICA AND THE CARIBBEAN;904;;;;;;;;;;;;;;;;;;;;;;;;;;;;;;;;;;;;;;;;;;;;;;;;;;;;;;;;;;;;;;;;;;;;;;;;;;
;Caribbean;915;;;;;;;;;;;;;;;;;;;;;;;;;;;;;;;;;;;;;;;;;;;;;;;;;;;;;;;;;;;;;;;;;;;;;;;;;;
;Antigua and Barbuda;28;—;—;—;—;—;—;—;—;—;—;—;—;—;—;—;—;—;—;—;—;—;—;—;—;—;—;—;—;—;—;—;—;—;—;—;—;—;—;—;—;—;—;—;—;—;—;—;—;—;—;—;—;—;—;—;—;—;—;—;—;—;—;—;—;—;—;—;—;—;—;—;—;—;—
;Bahamas;44;—;—;—;—;—;—;—;—;—;—;—;—;—;—;—;—;—;—;—;—;—;—;—;—;—;—;—;—;—;—;—;—;—;—;—;—;—;—;—;—;—;—;—;—;—;—;—;—;—;—;—;—;—;—;—;—;—;—;—;—;—;—;—;—;—;—;—;—;—;—;—;—;—;—
;Barbados;52;—;—;—;—;—;—;—;—;—;—;—;—;—;—;—;—;—;—;—;—;—;—;—;—;—;—;—;—;—;—;—;—;—;—;—;—;—;—;—;—;—;—;—;—;—;—;—;—;—;—;—;—;—;—;—;—;—;—;—;—;—;—;—;—;—;—;—;—;—;—;—;—;—;—
;Cuba;192;No;Not Applicable;Yes;No;Yes;Yes;Yes;Yes;Yes;Yes;Yes;Yes;Yes;No;No;No;No;Yes;Yes;Yes;Yes;..;..;Yes;Yes;Yes;Yes;No;Yes;Yes;Yes;Yes;Yes;No;No;No;Yes;No;No;Yes;Yes;No;Yes;Yes;Yes;Yes;No;No;No;No;No;No;No;No;No;No;No;No;No;No;No;Yes;Yes;Yes;Yes;Yes;Yes;No;No;Yes;No;..;..;..
;Dominica;212;—;—;—;—;—;—;—;—;—;—;—;—;—;—;—;—;—;—;—;—;—;—;—;—;—;—;—;—;—;—;—;—;—;—;—;—;—;—;—;—;—;—;—;—;—;—;—;—;—;—;—;—;—;—;—;—;—;—;—;—;—;—;—;—;—;—;—;—;—;—;—;—;—;—
;Dominican Republic;214;—;—;—;—;—;—;—;—;—;—;—;—;—;—;—;—;—;—;—;—;—;—;—;—;—;—;—;—;—;—;—;—;—;—;—;—;—;—;—;—;—;—;—;—;—;—;—;—;—;—;—;—;—;—;—;—;—;—;—;—;—;—;—;—;—;—;—;—;—;—;—;—;—;—
;Grenada;308;—;—;—;—;—;—;—;—;—;—;—;—;—;—;—;—;—;—;—;—;—;—;—;—;—;—;—;—;—;—;—;—;—;—;—;—;—;—;—;—;—;—;—;—;—;—;—;—;—;—;—;—;—;—;—;—;—;—;—;—;—;—;—;—;—;—;—;—;—;—;—;—;—;—
;Haiti;332;No;Not Applicable;No;Not Applicable;Not Applicable;Not Applicable;Not Applicable;Not Applicable;Not Applicable;Not Applicable;Not Applicable;Not Applicable;Yes;No;No;No;No;Yes;Yes;Yes;Yes;Yes;Yes;Yes;Yes;Yes;Yes;No;Yes;Yes;Yes;Yes;Yes;No;No;No;Yes;No;No;No;Yes;No;No;Yes;Yes;Yes;No;No;No;No;No;No;No;No;No;No;No;No;No;No;No;No;No;No;No;Not Applicable;Not Applicable;Not Applicable;Yes;Yes;No;No;No;No
;Jamaica;388;No;Not Applicable;Yes;No;Yes;Yes;Yes;Yes;Yes;Yes;Yes;Yes;Yes;No;No;No;No;Yes;Yes;Yes;Yes;Yes;No;Yes;Yes;Yes;No;No;Yes;Yes;Yes;Yes;Yes;No;No;No;Yes;No;No;No;Yes;No;No;Yes;Yes;Yes;No;No;No;Yes;No;No;Yes;Yes;No;No;Yes;Yes;No;No;Yes;Yes;Yes;No;Yes;No;No;No;No;Yes;No;No;No;No
;Saint Kitts and Nevis;659;—;—;—;—;—;—;—;—;—;—;—;—;—;—;—;—;—;—;—;—;—;—;—;—;—;—;—;—;—;—;—;—;—;—;—;—;—;—;—;—;—;—;—;—;—;—;—;—;—;—;—;—;—;—;—;—;—;—;—;—;—;—;—;—;—;—;—;—;—;—;—;—;—;—
;Saint Lucia;662;Yes;Yes;Yes;Yes;Yes;Yes;Yes;Yes;Yes;Yes;Yes;Yes;Yes;Yes;Yes;No;Yes;Yes;Yes;Yes;Yes;Yes;Yes;No;Yes;Yes;No;Yes;No;Yes;Yes;Yes;Yes;Yes;Yes;Yes;Yes;No;No;Yes;Yes;No;Yes;Yes;Yes;Yes;Yes;Yes;Yes;Yes;No;No;Yes;Yes;No;No;Yes;Yes;No;No;Yes;Yes;Yes;No;Yes;Yes;Yes;No;Yes;Yes;Yes;Yes;No;Yes
;Saint Vincent and the Grenadines;670;—;—;—;—;—;—;—;—;—;—;—;—;—;—;—;—;—;—;—;—;—;—;—;—;—;—;—;—;—;—;—;—;—;—;—;—;—;—;—;—;—;—;—;—;—;—;—;—;—;—;—;—;—;—;—;—;—;—;—;—;—;—;—;—;—;—;—;—;—;—;—;—;—;—
;Trinidad and Tobago;780;No;Not Applicable;Yes;No;Yes;Yes;Yes;Yes;Yes;Yes;Yes;Yes;No;Not Applicable;Not Applicable;Not Applicable;Not Applicable;Yes;Yes;Yes;Yes;Yes;Yes;Yes;Yes;Yes;Yes;Yes;No;No;No;No;No;Not Applicable;Not Applicable;Not Applicable;Not Applicable;Not Applicable;Not Applicable;Not Applicable;Not Applicable;Not Applicable;Not Applicable;No;No;Yes;Not Applicable;Not Applicable;No;Not Applicable;Not Applicable;Not Applicable;Not Applicable;Not Applicable;Not Applicable;Not Applicable;Not Applicable;Yes;No;Yes;Yes;Yes;Yes;No;No;Yes;No;No;Yes;No;Not Applicable;Not Applicable;Not Applicable;Not Applicable
;Central America;916;;;;;;;;;;;;;;;;;;;;;;;;;;;;;;;;;;;;;;;;;;;;;;;;;;;;;;;;;;;;;;;;;;;;;;;;;;
;Belize;84;Yes;No;No;Not Applicable;Not Applicable;Not Applicable;Not Applicable;Not Applicable;Not Applicable;Not Applicable;Not Applicable;Not Applicable;Yes;No;No;No;No;Yes;Yes;Yes;Yes;Yes;Yes;Yes;Yes;Yes;Yes;Yes;Yes;Yes;Yes;Yes;Yes;No;No;No;No;No;No;No;No;No;No;Yes;Yes;Yes;No;No;No;No;No;No;No;No;No;No;No;No;No;No;No;Yes;Yes;Yes;Yes;Yes;No;No;Yes;Yes;No;No;No;No
;Costa Rica;188;Yes;No;Yes;Yes;Yes;Yes;Yes;Yes;Yes;Yes;Yes;Yes;Yes;No;No;No;No;Yes;No;Yes;Yes;Yes;Yes;Yes;Yes;Yes;Yes;Yes;Yes;Yes;Yes;Yes;Yes;No;Yes;No;No;No;No;No;No;No;No;Yes;Yes;Yes;No;No;No;No;No;No;No;No;No;No;No;No;No;No;No;Yes;Yes;No;No;Yes;No;No;Yes;Yes;No;No;No;No
;El Salvador;222;Yes;No;Yes;No;Yes;Yes;Yes;Yes;Yes;Yes;Yes;Yes;Yes;No;No;No;No;Yes;Yes;Yes;Yes;Yes;Yes;Yes;Yes;Yes;Yes;Yes;Yes;Yes;Yes;Yes;Yes;No;No;No;No;No;No;No;No;No;No;Yes;Yes;Yes;No;No;No;No;No;No;No;No;No;No;No;No;No;No;No;No;No;No;No;Not Applicable;Not Applicable;Not Applicable;Yes;Yes;No;No;No;No
;Guatemala;320;—;—;—;—;—;—;—;—;—;—;—;—;—;—;—;—;—;—;—;—;—;—;—;—;—;—;—;—;—;—;—;—;—;—;—;—;—;—;—;—;—;—;—;—;—;—;—;—;—;—;—;—;—;—;—;—;—;—;—;—;—;—;—;—;—;—;—;—;—;—;—;—;—;—
;Honduras;340;Yes;No;Yes;No;Yes;Yes;Yes;Yes;Yes;Yes;Yes;Yes;Yes;No;No;No;No;Yes;Yes;Yes;Yes;Yes;Yes;Yes;Yes;Yes;Yes;Yes;Yes;Yes;Yes;No;Yes;No;Not Applicable;No;No;No;No;No;Not Applicable;Not Applicable;Not Applicable;Yes;Yes;Yes;Yes;Yes;Yes;No;No;No;No;No;No;No;No;No;No;No;No;No;No;No;No;Not Applicable;Not Applicable;Not Applicable;Yes;Yes;No;No;No;No
;Mexico;484;Yes;No;Yes;No;Yes;Yes;Yes;Yes;Yes;Yes;Yes;Yes;Yes;No;No;No;No;Yes;Yes;Yes;Yes;Yes;Yes;Yes;Yes;Yes;Yes;Yes;Yes;Yes;Yes;Yes;Yes;No;No;No;No;No;No;No;No;No;No;Yes;Yes;Yes;No;No;No;Yes;No;No;Yes;No;No;No;Yes;No;No;No;No;Yes;Yes;Yes;Yes;No;No;No;Yes;No;Not Applicable;Not Applicable;Not Applicable;Not Applicable
;Nicaragua;558;No;Not Applicable;Yes;No;Yes;Yes;Yes;Yes;Yes;Yes;Yes;Yes;Yes;No;No;No;No;Yes;Yes;Yes;Yes;Yes;Yes;Yes;Yes;Yes;Yes;No;No;No;Yes;No;Yes;No;Not Applicable;No;No;No;No;No;Not Applicable;Not Applicable;Not Applicable;Yes;Yes;Yes;No;No;No;No;No;No;No;No;No;No;No;No;No;No;No;No;No;No;No;Not Applicable;Not Applicable;Not Applicable;Yes;Yes;No;No;No;No
;Panama;591;Yes;No;No;Not Applicable;Not Applicable;Not Applicable;Not Applicable;Not Applicable;Not Applicable;Not Applicable;Not Applicable;Not Applicable;Yes;No;Yes;Yes;Yes;Yes;No;Yes;Yes;Yes;Yes;Yes;Yes;Yes;Yes;Yes;Yes;Yes;Yes;Yes;Yes;No;No;No;No;No;No;No;No;No;No;Yes;Yes;Yes;No;No;No;No;No;No;No;No;No;No;No;No;No;No;No;Yes;Yes;Yes;Yes;Yes;Yes;No;Yes;Yes;No;No;No;No
;South America;931;;;;;;;;;;;;;;;;;;;;;;;;;;;;;;;;;;;;;;;;;;;;;;;;;;;;;;;;;;;;;;;;;;;;;;;;;;
;Argentina;32;Yes;No;Yes;No;Yes;Yes;Yes;Yes;Yes;Yes;Yes;Yes;Yes;No;No;No;No;No;Yes;No;No;No;No;No;Yes;Yes;No;No;Yes;Yes;Yes;Yes;Yes;No;No;No;No;No;No;No;No;No;No;Yes;Yes;Yes;No;No;No;No;No;No;No;No;No;No;No;No;No;No;No;Yes;Yes;Yes;No;No;No;No;Yes;Yes;No;No;No;No
;Bolivia (Plurinational State of);68;Yes;No;Yes;No;Yes;Yes;Yes;Yes;Yes;Yes;Yes;Yes;Yes;No;No;No;Yes;Yes;Yes;Yes;Yes;Yes;Yes;Yes;Yes;Yes;Yes;Yes;Yes;Yes;Yes;Yes;Yes;No;No;No;No;No;No;No;No;No;No;Yes;Yes;Yes;No;No;No;No;No;No;No;No;No;No;No;No;No;No;No;Yes;Yes;Yes;Yes;Yes;No;No;Yes;Yes;No;No;No;No
;Brazil;76;Yes;No;..;..;..;..;..;..;..;..;..;..;Yes;No;No;No;..;No;Yes;Yes;Yes;No;Yes;No;Yes;Yes;Yes;Yes;No;Yes;Yes;Yes;Yes;No;No;No;Yes;..;Yes;Yes;Yes;..;..;Yes;Yes;Yes;No;No;No;Yes;No;No;No;Yes;No;No;No;No;No;No;No;Yes;No;Yes;No;Yes;Yes;No;Yes;Yes;No;No;No;No
;Chile;152;Yes;No;Yes;No;..;..;..;..;..;..;..;..;Yes;No;No;No;No;Yes;Yes;Yes;Yes;Yes;Yes;Yes;Yes;Yes;..;Yes;Yes;Yes;Yes;Yes;Yes;No;No;No;No;No;No;No;No;No;No;Yes;Yes;Yes;No;No;No;No;No;No;No;No;No;No;No;No;No;No;No;Yes;Yes;Yes;Yes;Yes;Yes;No;Yes;Yes;No;No;No;No
;Colombia;170;Yes;No;Yes;No;Yes;Yes;Yes;Yes;Yes;Yes;Yes;Yes;Yes;No;No;No;No;Yes;Yes;Yes;Yes;Yes;Yes;Yes;Yes;Yes;Yes;No;Yes;Yes;Yes;Yes;Yes;No;No;No;No;No;No;No;No;No;No;Yes;Yes;Yes;No;No;No;No;No;No;No;No;No;No;No;No;No;No;No;Yes;Yes;Yes;Yes;Yes;No;No;Yes;Yes;No;No;No;No
;Ecuador;218;Yes;No;Yes;No;Yes;Yes;Yes;Yes;Yes;Yes;Yes;Yes;Yes;No;No;No;No;Yes;Yes;Yes;Yes;Yes;Yes;Yes;Yes;Yes;Yes;Yes;Yes;Yes;Yes;Yes;Yes;No;No;No;No;No;No;No;No;No;No;Yes;Yes;Yes;No;No;No;No;No;No;No;No;No;No;No;No;No;No;No;Yes;Yes;Yes;No;Yes;Yes;Yes;Yes;Yes;No;No;No;No
;Guyana;328;Yes;No;Yes;No;Yes;Yes;Yes;Yes;Yes;Yes;Yes;Yes;Yes;No;No;No;No;Yes;Yes;Yes;Yes;Yes;Yes;Yes;Yes;Yes;Yes;Yes;Yes;Yes;Yes;No;Yes;No;Not Applicable;No;No;No;No;No;Not Applicable;Not Applicable;Not Applicable;Yes;Yes;Yes;No;No;No;No;No;No;No;No;No;No;No;No;No;No;No;Yes;Yes;Yes;Yes;Yes;Yes;No;Yes;Yes;No;No;No;No
;Paraguay;600;Yes;No;No;Not Applicable;Not Applicable;Not Applicable;Not Applicable;Not Applicable;Not Applicable;Not Applicable;Not Applicable;Not Applicable;Yes;No;No;No;No;Yes;Yes;Yes;Yes;Yes;Yes;Yes;Yes;Yes;Yes;No;Yes;Yes;Yes;Yes;Yes;No;No;No;No;No;No;No;No;No;No;Yes;Yes;Yes;No;No;No;No;No;No;No;No;No;No;No;No;No;No;No;No;No;No;No;Not Applicable;Not Applicable;Not Applicable;Yes;Yes;No;No;No;No
;Peru;604;Yes;No;Yes;No;Yes;Yes;Yes;Yes;Yes;Yes;Yes;Yes;Yes;No;No;No;No;Yes;Yes;Yes;Yes;Yes;Yes;Yes;Yes;Yes;Yes;Yes;Yes;Yes;Yes;Yes;Yes;No;No;No;Yes;No;No;No;No;No;No;Yes;Yes;Yes;No;No;No;No;No;No;No;No;No;No;No;No;No;No;No;Yes;Yes;No;No;Yes;No;No;Yes;No;Not Applicable;Not Applicable;Not Applicable;Not Applicable
;Suriname;740;—;—;—;—;—;—;—;—;—;—;—;—;—;—;—;—;—;—;—;—;—;—;—;—;—;—;—;—;—;—;—;—;—;—;—;—;—;—;—;—;—;—;—;—;—;—;—;—;—;—;—;—;—;—;—;—;—;—;—;—;—;—;—;—;—;—;—;—;—;—;—;—;—;—
;Uruguay;858;Yes;No;Yes;No;Yes;Yes;Yes;Yes;Yes;Yes;Yes;Yes;Yes;No;No;No;No;Yes;Yes;Yes;Yes;Yes;Yes;Yes;Yes;Yes;Yes;No;No;Yes;Yes;Yes;Yes;No;No;No;No;No;No;No;No;No;No;Yes;Yes;Yes;No;No;No;No;No;No;No;No;No;No;No;No;No;No;No;Yes;Yes;Yes;Yes;No;No;No;Yes;Yes;No;No;No;No
;Venezuela (Bolivarian Republic of);862;No;Not Applicable;Yes;No;Yes;Yes;Yes;Yes;Yes;Yes;Yes;Yes;Yes;No;No;No;No;Yes;Yes;Yes;Yes;Yes;No;Yes;Yes;Yes;No;Yes;Yes;Yes;Yes;Yes;Yes;No;No;No;Yes;No;No;Yes;Yes;No;Yes;Yes;Yes;Yes;No;No;No;Yes;No;No;Yes;Yes;No;No;Yes;No;No;No;No;Yes;No;No;No;..;..;..;Yes;Yes;No;No;No;No
;NORTHERN AMERICA;905;;;;;;;;;;;;;;;;;;;;;;;;;;;;;;;;;;;;;;;;;;;;;;;;;;;;;;;;;;;;;;;;;;;;;;;;;;
;Canada;124;No;Not Applicable;No;Not Applicable;Not Applicable;Not Applicable;Not Applicable;Not Applicable;Not Applicable;Not Applicable;Not Applicable;Not Applicable;No;Not Applicable;Not Applicable;Not Applicable;Not Applicable;..;..;..;..;..;..;..;..;..;..;..;..;..;No;No;Yes;Not Applicable;Not Applicable;No;Not Applicable;Not Applicable;Not Applicable;Not Applicable;Not Applicable;Not Applicable;Not Applicable;Yes;Yes;Yes;Yes;No;No;No;No;No;No;No;No;No;No;No;No;No;Yes;Yes;Yes;Yes;Yes;No;No;No;No;No;Not Applicable;Not Applicable;Not Applicable;Not Applicable
;United States of America;840;—;—;—;—;—;—;—;—;—;—;—;—;—;—;—;—;—;—;—;—;—;—;—;—;—;—;—;—;—;—;—;—;—;—;—;—;—;—;—;—;—;—;—;—;—;—;—;—;—;—;—;—;—;—;—;—;—;—;—;—;—;—;—;—;—;—;—;—;—;—;—;—;—;—
;OCEANIA;909;;;;;;;;;;;;;;;;;;;;;;;;;;;;;;;;;;;;;;;;;;;;;;;;;;;;;;;;;;;;;;;;;;;;;;;;;;
;Australia/ New Zealand;927;;;;;;;;;;;;;;;;;;;;;;;;;;;;;;;;;;;;;;;;;;;;;;;;;;;;;;;;;;;;;;;;;;;;;;;;;;
;Australia;36;Yes;No;Yes;No;Yes;Yes;Yes;Yes;Yes;Yes;Yes;Yes;Yes;No;No;No;No;..;Yes;..;Yes;..;..;..;Yes;..;..;..;Yes;Yes;Yes;Yes;Yes;No;No;No;No;No;No;No;Yes;No;Yes;Yes;Yes;Yes;No;No;No;No;No;No;No;No;No;No;No;No;No;No;No;Yes;Yes;Yes;Yes;Yes;No;No;No;Yes;No;No;No;No
;New Zealand;554;—;—;—;—;—;—;—;—;—;—;—;—;—;—;—;—;—;—;—;—;—;—;—;—;—;—;—;—;—;—;—;—;—;—;—;—;—;—;—;—;—;—;—;—;—;—;—;—;—;—;—;—;—;—;—;—;—;—;—;—;—;—;—;—;—;—;—;—;—;—;—;—;—;—
;Melanesia;928;;;;;;;;;;;;;;;;;;;;;;;;;;;;;;;;;;;;;;;;;;;;;;;;;;;;;;;;;;;;;;;;;;;;;;;;;;
;Fiji;242;—;—;—;—;—;—;—;—;—;—;—;—;—;—;—;—;—;—;—;—;—;—;—;—;—;—;—;—;—;—;—;—;—;—;—;—;—;—;—;—;—;—;—;—;—;—;—;—;—;—;—;—;—;—;—;—;—;—;—;—;—;—;—;—;—;—;—;—;—;—;—;—;—;—
;Papua New Guinea;598;—;—;—;—;—;—;—;—;—;—;—;—;—;—;—;—;—;—;—;—;—;—;—;—;—;—;—;—;—;—;—;—;—;—;—;—;—;—;—;—;—;—;—;—;—;—;—;—;—;—;—;—;—;—;—;—;—;—;—;—;—;—;—;—;—;—;—;—;—;—;—;—;—;—
;Solomon Islands;90;—;—;—;—;—;—;—;—;—;—;—;—;—;—;—;—;—;—;—;—;—;—;—;—;—;—;—;—;—;—;—;—;—;—;—;—;—;—;—;—;—;—;—;—;—;—;—;—;—;—;—;—;—;—;—;—;—;—;—;—;—;—;—;—;—;—;—;—;—;—;—;—;—;—
;Vanuatu;548;—;—;—;—;—;—;—;—;—;—;—;—;—;—;—;—;—;—;—;—;—;—;—;—;—;—;—;—;—;—;—;—;—;—;—;—;—;—;—;—;—;—;—;—;—;—;—;—;—;—;—;—;—;—;—;—;—;—;—;—;—;—;—;—;—;—;—;—;—;—;—;—;—;—
;Micronesia;954;;;;;;;;;;;;;;;;;;;;;;;;;;;;;;;;;;;;;;;;;;;;;;;;;;;;;;;;;;;;;;;;;;;;;;;;;;
;Kiribati;296;—;—;—;—;—;—;—;—;—;—;—;—;—;—;—;—;—;—;—;—;—;—;—;—;—;—;—;—;—;—;—;—;—;—;—;—;—;—;—;—;—;—;—;—;—;—;—;—;—;—;—;—;—;—;—;—;—;—;—;—;—;—;—;—;—;—;—;—;—;—;—;—;—;—
;Marshall Islands;584;—;—;—;—;—;—;—;—;—;—;—;—;—;—;—;—;—;—;—;—;—;—;—;—;—;—;—;—;—;—;—;—;—;—;—;—;—;—;—;—;—;—;—;—;—;—;—;—;—;—;—;—;—;—;—;—;—;—;—;—;—;—;—;—;—;—;—;—;—;—;—;—;—;—
;Micronesia (Fed. States of);583;—;—;—;—;—;—;—;—;—;—;—;—;—;—;—;—;—;—;—;—;—;—;—;—;—;—;—;—;—;—;—;—;—;—;—;—;—;—;—;—;—;—;—;—;—;—;—;—;—;—;—;—;—;—;—;—;—;—;—;—;—;—;—;—;—;—;—;—;—;—;—;—;—;—
;Nauru;520;—;—;—;—;—;—;—;—;—;—;—;—;—;—;—;—;—;—;—;—;—;—;—;—;—;—;—;—;—;—;—;—;—;—;—;—;—;—;—;—;—;—;—;—;—;—;—;—;—;—;—;—;—;—;—;—;—;—;—;—;—;—;—;—;—;—;—;—;—;—;—;—;—;—
;Palau;585;—;—;—;—;—;—;—;—;—;—;—;—;—;—;—;—;—;—;—;—;—;—;—;—;—;—;—;—;—;—;—;—;—;—;—;—;—;—;—;—;—;—;—;—;—;—;—;—;—;—;—;—;—;—;—;—;—;—;—;—;—;—;—;—;—;—;—;—;—;—;—;—;—;—
;Polynesia;957;;;;;;;;;;;;;;;;;;;;;;;;;;;;;;;;;;;;;;;;;;;;;;;;;;;;;;;;;;;;;;;;;;;;;;;;;;
;Cook Islands;184;—;—;—;—;—;—;—;—;—;—;—;—;—;—;—;—;—;—;—;—;—;—;—;—;—;—;—;—;—;—;—;—;—;—;—;—;—;—;—;—;—;—;—;—;—;—;—;—;—;—;—;—;—;—;—;—;—;—;—;—;—;—;—;—;—;—;—;—;—;—;—;—;—;—
;Niue;570;—;—;—;—;—;—;—;—;—;—;—;—;—;—;—;—;—;—;—;—;—;—;—;—;—;—;—;—;—;—;—;—;—;—;—;—;—;—;—;—;—;—;—;—;—;—;—;—;—;—;—;—;—;—;—;—;—;—;—;—;—;—;—;—;—;—;—;—;—;—;—;—;—;—
;Samoa;882;No;Not Applicable;Yes;Yes;Yes;Yes;Yes;Yes;Yes;Yes;Yes;Yes;No;Not Applicable;Not Applicable;Not Applicable;Not Applicable;Yes;Yes;Yes;Yes;Yes;Yes;Yes;Yes;Yes;Yes;Yes;Yes;Yes;No;No;No;Not Applicable;Not Applicable;Not Applicable;Not Applicable;Not Applicable;Not Applicable;Not Applicable;Not Applicable;Not Applicable;Not Applicable;Yes;Yes;Yes;No;No;No;Yes;Yes;Yes;Yes;Yes;Yes;Yes;Yes;Yes;Yes;Yes;Yes;Yes;Yes;No;No;Yes;No;No;Yes;No;Not Applicable;Not Applicable;Not Applicable;Not Applicable
;Tonga;776;—;—;—;—;—;—;—;—;—;—;—;—;—;—;—;—;—;—;—;—;—;—;—;—;—;—;—;—;—;—;—;—;—;—;—;—;—;—;—;—;—;—;—;—;—;—;—;—;—;—;—;—;—;—;—;—;—;—;—;—;—;—;—;—;—;—;—;—;—;—;—;—;—;—
;Tuvalu;798;—;—;—;—;—;—;—;—;—;—;—;—;—;—;—;—;—;—;—;—;—;—;—;—;—;—;—;—;—;—;—;—;—;—;—;—;—;—;—;—;—;—;—;—;—;—;—;—;—;—;—;—;—;—;—;—;—;—;—;—;—;—;—;—;—;—;—;—;—;—;—;—;—;—
;;;;;;;;;;;;;;;;;;;;;;;;;;;;;;;;;;;;;;;;;;;;;;;;;;;;;;;;;;;;;;;;;;;;;;;;;;;;
Notes: ;;;;;;;;;;;;;;;;;;;;;;;;;;;;;;;;;;;;;;;;;;;;;;;;;;;;;;;;;;;;;;;;;;;;;;;;;;;;
"The designations employed in this publication and the material presented in it do not imply the expression of any opinion whatsoever on the part of the Secretariat of the United Nations concerning the legal status of any country, territory, city or area or of its authorities, or concerning the delimitation of its frontiers or boundaries.




";;;;;;;;;;;;;;;;;;;;;;;;;;;;;;;;;;;;;;;;;;;;;;;;;;;;;;;;;;;;;;;;;;;;;;;;;;;;
In this table, data for countries or areas have been aggregated in six continental regions: Africa, Asia, Europe, Latin America and the Caribbean, Northern America, and Oceania. Further information on continental regions is available from https://unstats.un.org/unsd/methodology/m49/. Countries or areas are also grouped into geographic regions based on the classification being used to track progress towards the Sustainable Development Goals of the United Nations (see: https://unstats.un.org/sdgs/indicators/regional-groups/).  ;;;;;;;;;;;;;;;;;;;;;;;;;;;;;;;;;;;;;;;;;;;;;;;;;;;;;;;;;;;;;;;;;;;;;;;;;;;;
—;Indicates that a country did not respond to the Inquiry.;;;;;;;;;;;;;;;;;;;;;;;;;;;;;;;;;;;;;;;;;;;;;;;;;;;;;;;;;;;;;;;;;;;;;;;;;;;
.. ;Indicates that a country did not provide information for the subcategory.;;;;;;;;;;;;;;;;;;;;;;;;;;;;;;;;;;;;;;;;;;;;;;;;;;;;;;;;;;;;;;;;;;;;;;;;;;;
